criteria,repo_id,repo_name,full_repo_name,url,sa_doc,sa_doc_link,domain,architectural_layer,capability_1,iso_mapping_cap_1,layer_cap_1,capability_2,iso_mapping_cap_2,layer_cap_2,capability_3,iso_mapping_cap_3,layer_cap_3,layer_caps,search_term,stars,desc.,lang,last_commit,commits_2024,n_commits,collaborators,template,fork,forks,size,score,archived,disabled
I2,R002,magistrala,absmach/magistrala,https://github.com/absmach/magistrala,YES,,"IIoT, Smart Environment",Infrastructure,Multi-Protocol IoT Communication Broker,Interface Capability,Device/Edge,"Identity, Authentication & Authorization Management",Supporting Capabilities,Cross-cutting,Scalable Microservices IoT Platform,Supporting Capabilities,Fog/Cloud ,Continuum,edge iot,24.0,Industrial IoT Messaging and Device Management Platform,Go,2025-01-20T10:43:07Z,336.0,1.761,69.0,False,False,8.0,145756.0,1.0,False,False
I3,R003,supermq,absmach/supermq,https://github.com/absmach/supermq,YES,https://docs.magistrala.abstractmachines.fr/architecture,"Data streaming processing, Smart Environment",Infrastructure,Multi-Protocol IoT Messaging Broker,Interface Capability,Device/Edge,Identity & Access Management for IoT,Supporting Capabilities,Cross-cutting,Scalable Microservices Architecture for IoT,Supporting Capabilities,Fog/Cloud ,Continuum,edge iot,2489.0,Event-driven Infrastructure for Modern Cloud,Go,2025-01-20T08:22:15Z,373.0,1.811,70.0,False,False,672.0,147242.0,1.0,False,False
I1,R007,aXeleRate,AIWintermuteAI/aXeleRate,https://github.com/AIWintermuteAI/aXeleRate,NO,,"Computer Vision, Efficient AI",Infrastructure,Model Training & Auto-Conversion,Supporting Capabilities,Edge,Multi-Format Hardware Optimization,Supporting Capabilities,Device/Edge,Configurable Workflow & Versioning,Supporting Capabilities,Fog/Edge,device â†” fog,edge ai,180.0,Keras-based framework for AI on the Edge,Python,2024-03-05T09:24:49Z,3.0,265,5.0,False,False,71.0,9870.0,1.0,False,False
I3,R009,zilla,aklivity/zilla,https://github.com/aklivity/zilla,YES,https://docs.aklivity.io/zilla/latest/concepts/what-is-zilla.html#who-zilla-is-for,Data streaming processing,Infrastructure,Event-Driven API Gateway for IoT/Edge,Interface Capability,Edge/Fog,Multi-Protocol Event Streaming Integration,Interface Capability,Edge/Fog/Cloud,Low-Latency Edge Data Proxying,Data Capabilities,Cross-cutting,Continuum,edge-iot,563.0,"ðŸ¦Ž A multi-protocol edge & service proxy. Seamlessly interface web apps, IoT clients, & microservices to Apache KafkaÂ® via declaratively defined, stateless APIs.",Java,2025-01-12T23:14:21Z,682.0,2.184,18.0,False,False,55.0,30050.0,1.0,False,False
I2,R013,heartkit,AmbiqAI/heartkit,https://github.com/AmbiqAI/heartkit,Partially,https://github.com/AmbiqAI/heartkit/blob/main/docs/assets/guides/heartkit-architecture.svg,"Healthcare,  medical IoT, Real Time Data Processing",Infrastructure,On-Device Biomedical Signal Inference,Supporting Capabilities,Device/Edge,Low-Power AI Optimization,Supporting Capabilities,Cross-cutting,Health Data Preprocessing & Model Lifecycle,Supporting Capabilities,Edge/Fog,device â†” fog,tinyml,21.0,Perform AI-based heart monitoring tasks,Jupyter Notebook,2024-10-10T21:46:36Z,43.0,195,1.0,False,False,7.0,39767.0,1.0,False,False
I1,R015,sleepkit,AmbiqAI/sleepkit,https://github.com/AmbiqAI/sleepkit,NO,,Healthcare,Infrastructure,On-Device Sleep Stage Inference,Supporting Capabilities,Device/Edge,Low-Power TinyML Optimization,Supporting Capabilities,Cross-cutting,End-to-End ML Pipeline for Biomedical IoT,Supporting Capabilities,Fog/Edge,device â†” fog,tinyml,11.0,Perform AI-based sleep monitoring,Jupyter Notebook,2024-10-02T18:08:39Z,29.0,58,1.0,False,False,2.0,31770.0,1.0,False,False
I2,R016,ai8x-synthesis,analogdevicesinc/ai8x-synthesis,https://github.com/analogdevicesinc/ai8x-synthesis,Partially,https://github.com/analogdevicesinc/ai8x-synthesis?tab=readme-ov-file#overview,"Industrial IoT, Efficient AI",Infrastructure,Model Quantization & Synthesis,Supporting Capabilities,Edge,Edge Hardware Optimization,Supporting Capabilities,Device,Toolchain Integration & Automation,Supporting Capabilities,Fog/Device,device â†” fog,edge ai,59.0,Quantization and Synthesis (Device Specific Code Generation) for ADI's MAX78000 and MAX78002 Edge AI Devices,Python,2024-12-06T14:24:53Z,35.0,305,14.0,False,False,60.0,677035.0,1.0,False,False
I2,R017,ai8x-training,analogdevicesinc/ai8x-training,https://github.com/analogdevicesinc/ai8x-training,Partially,https://github.com/analogdevicesinc/ai8x-training?tab=readme-ov-file#overview,"Computer Vision, Industrial IoT, IoT",Infrastructure,Model Training & Preparation,Supporting Capabilities,Fog/Edge,Hardware-Aware Model Constraint Handling,Supporting Capabilities,Device,AutoML / Training Workflow Integration,Supporting Capabilities,Fog/Edge,device â†” fog,edge ai,95.0,Model Training for ADI's MAX78000 and MAX78002 Edge AI Devices,Jupyter Notebook,2025-01-14T00:04:03Z,45.0,243,13.0,False,False,91.0,231469.0,1.0,False,False
I2,R018,MaximAI_Documentation,analogdevicesinc/MaximAI_Documentation,https://github.com/analogdevicesinc/MaximAI_Documentation,Partially,https://www.analog.com/en/resources/technical-articles/face-identification-using-max78000.html,Computer Vision,Infrastructure,TinyML Deployment for Resource-Constrained MCUs,Supporting Capabilities,Device,"Model Training, Quantization & Synthesis Workflow",Supporting Capabilities,Fog/Edge,Domain-Specific Edge AI (Vision & Speech),Supporting Capabilities,Cross-cutting,device â†” fog,edge ai,101.0,START HERE: Documentation for ADI's MAX78000 and MAX78002 Edge AI devices,,2024-05-13T16:18:32Z,5.0,111,13.0,False,False,44.0,276610.0,1.0,False,False
I1,R022,aws-iot-fleetwise-edge,aws/aws-iot-fleetwise-edge,https://github.com/aws/aws-iot-fleetwise-edge,YES,https://github.com/aws/aws-iot-fleetwise-edge?tab=readme-ov-file#aws-iot-fleetwise-architecture,"Autonomous Systems, Smart Environment",Infrastructure,Intelligent Data Collection & Remote Commands,Data Capabilities,Edge/Fog,Store-and-Forward with Edge Buffering,Data Capabilities,Edge,Secure MQTT Communication,Interface Capability,Cross-cutting,Edge â†” fog,edge-iot,63.0,Reference Implementation for AWS IoT FleetWise,C++,2025-01-15T14:50:35Z,25.0,92,15.0,False,False,45.0,5039.0,1.0,False,False
I2,R023,dem,axem-solutions/dem,https://github.com/axem-solutions/dem,YES,https://github.com/axem-solutions/dem/blob/main/docs/design.md,"IIoT, Real-time data streaming",Infrastructure,Declarative DevEnv Orchestration,Supporting Capabilities,Fog/Edge,Template & Registry Integration,Supporting Capabilities,Cross-cutting,Portable Containerized Tooling,Supporting Capabilities,Cross-cutting,Edge â†” fog,edge iot,101.0,Containerized Development Environment Manager for embedded development,Python,2025-01-17T17:02:10Z,69.0,495,9.0,False,False,15.0,7597.0,1.0,False,False
I2,R024,azure-iot-edge-identity-translation-lite,Azure-Samples/azure-iot-edge-identity-translation-lite,https://github.com/Azure-Samples/azure-iot-edge-identity-translation-lite,YES,https://github.com/Azure/arc_jumpstart_docs,IIoT,Infrastructure,Identity Translation Gateway,Interface Capability,Fog,Protocol Translation FabricaÃ§Ã£o,Interface Capability,Device/Fog,Dynamic Device Provisioning (Cloud),Supporting Capabilities,Fog/Cloud,Continuum,edge-iot,22.0,Azure IoT Edge Identity Translation Module sample.,C#,2024-04-22T07:26:46Z,1.0,74,12.0,False,False,22.0,769.0,1.0,False,False
I1,R025,edge-aio-in-a-box,Azure-Samples/edge-aio-in-a-box,https://github.com/Azure-Samples/edge-aio-in-a-box,Partially,https://github.com/Azure-Samples/edge-aio-in-a-box/tree/main?tab=readme-ov-file#architecture,"IIoT, Smart Environments",Infrastructure,Automated Azure Edge Provisioning,Supporting Capabilities,Fog/Cloud,Edge AI Model Lifecycle Management,Supporting Capabilities,Fog/Edge,Interactive Edge Testing & Inference,Supporting Capabilities,Edge/Fog,Continuum,edge-ai,13.0,Azure IoT Operations with Edge AI in-a-Box,Jupyter Notebook,2024-11-12T20:03:08Z,150.0,150,3.0,False,False,4.0,26771.0,1.0,False,False
I1,R028,AI-in-a-Box,Azure/AI-in-a-Box,https://github.com/Azure/AI-in-a-Box,YES,https://github.com/Azure/AI-in-a-Box/blob/main/media/images/edgeai-customvision-architecture.png,"IIoT, Smart Environments, Healthcare",Infrastructure,Deployment Acceleration,Supporting Capabilities,Cloud/Fog,Responsible AI / Security,Supporting Capabilities,cross-cutting,Scalability,Supporting Capabilities,Cloud/Fog,fog â†” cloud,edge-ai,552.0,AI-in-a-Box leverages the expertise of Microsoft across the globe to develop and provide AI and ML solutions to the technical community.  Our intent is to present a curated collection of solution accelerators that can help engineers establish their AI/ML environments and solutions rapidly and with minimal friction.,Jupyter Notebook,2024-12-12T17:15:34Z,224.0,366,16.0,False,False,189.0,29055.0,1.0,False,False
I2,R029,azure-iotedge,Azure/azure-iotedge,https://github.com/Azure/azure-iotedge,Partially,https://learn.microsoft.com/pt-br/azure/iot-edge/,"Smart Environment, IIoT, Efficient AI, Autonomous Systems",Infrastructure,Edge Module Orchestration & Runtime Management,Supporting Capabilities,Edge/Fog,Local Communication & Store-and-Forward Routing,Data Capabilities,Device/Edge,Secure Identity & Runtime Integrity,Supporting Capabilities,Cross-cutting,device â†” fog,edge-iot,170.0,The Azure IoT Edge product,PowerShell,2024-11-13T19:42:52Z,57.0,219,18.0,False,False,43.0,212.0,1.0,False,False
I2,R031,iotedge,Azure/iotedge,https://github.com/Azure/iotedge,YES,https://learn.microsoft.com/pt-br/azure/iot-edge/iot-edge-runtime,"IIoT, Smart Environments, Computer Vision",Infrastructure,Containerized Workload Orchestration,Supporting Capabilities,Edge,Local Secure Communication & Store-and-Forward,Data Capabilities,Device/Edge,Cloud-Integrated Device Management,Supporting Capabilities,Fog/Cloud ,Continuum,edge-iot,1472.0,The IoT Edge OSS project,C#,2025-01-17T01:04:54Z,135.0,4.241,92.0,False,False,462.0,43348.0,1.0,False,False
I2,R032,iotedge-eflow,Azure/iotedge-eflow,https://github.com/Azure/iotedge-eflow,YES,https://learn.microsoft.com/pt-br/azure/iot-edge/iot-edge-for-linux-on-windows,"IIoT, Industry 4.0",Infrastructure,Cross-Platform Edge Runtime Hosting,Supporting Capabilities,Edge/Fog,Containerized Workload Execution & Management,Supporting Capabilities,Edge,Cloud-Integrated Device Orchestration,Supporting Capabilities,Fog/Cloud ,Continuum,edge-iot,51.0,Azure IoT Edge for Linux on Windows,PowerShell,2024-11-26T21:13:54Z,1.0,505,8.0,False,False,29.0,54935.0,1.0,False,False
I2,R033,iotedge-lorawan-starterkit,Azure/iotedge-lorawan-starterkit,https://github.com/Azure/iotedge-lorawan-starterkit,YES,https://azure.github.io/iotedge-lorawan-starterkit/2.2.1/user-guide/architecture/?h=archi,"IIoT, Smart Environments",Infrastructure,Protocol Translation Gateway,Interface Capability,Device/Edge,Edge Network Server for LoRaWAN,Interface Capability,Edge,Cloud-Integrated Device & Data Management,Supporting Capabilities,Fog/Cloud ,Continuum,edge-iot,185.0,Sample implementation of LoRaWAN components to connect LoRaWAN antenna gateway running IoT Edge directly with Azure IoT.,C#,2024-05-30T13:04:45Z,0.0,1.074,34.0,False,False,63.0,35444.0,1.0,False,False
I2,R035,KAN,Azure/KAN,https://github.com/Azure/KAN,YES,https://github.com/Azure/KAN?tab=readme-ov-file#how-it-works,"Federated Learning, Efficient AI",Infrastructure,Efficient Model Training & Inference,Supporting Capabilities,Edge/Fog/Cloud,Explainable & Interpretable AI Models,Supporting Capabilities,Cross-cutting,Cross-Domain Deployment Flexibility,Supporting Capabilities,Cross-cutting,Continuum,edge ai,77.0,"KubeAI Application Nucleus for edge is a solution accelerator for creating, deploying, and operating environment-aware solutions at scale that use artificial intelligence (AI) at the edge with the control and flexibility of open-source natively on your environment. ",TypeScript,2024-05-15T08:00:06Z,80.0,165,8.0,False,False,22.0,67854.0,1.0,False,False
I1,R037,baetyl,baetyl/baetyl,https://github.com/baetyl/baetyl,YES,https://baetyl.readthedocs.io/en/1.0.0/overview/Design.html,"IIoT, Smart Environments, Efficient AI",Infrastructure,Edge-Cloud Declarative Orchestration,Supporting Capabilities,Fog/Cloud,Modular Edge Runtime & OTA Management,Supporting Capabilities,Edge/Fog,Lightweight Messaging Middleware,Interface Capability,Device/Edge,Continuum,edge iot,1879.0,"Extend cloud computing, data and service seamlessly to edge devices.",Go,2024-05-11T06:12:43Z,0.0,1.259,26.0,False,False,323.0,106376.0,1.0,False,False
I2,R040,Olares,beclab/Olares,https://github.com/beclab/Olares,YES,https://docs.olares.xyz/manual/system-architecture.html,Orchestration,Infrastructure,Local-First AI Application Hosting,Supporting Capabilities,Device/Edge,Decentralized AI App Marketplace,Supporting Capabilities,Cross-cutting,Application Orchestration & Management at Edge,Supporting Capabilities,Edge/Fog,device â†” fog,edge-ai,1709.0,Olares: An Open-Source Sovereign Cloud OS for Local AI,Shell,2025-01-19T18:44:56Z,769.0,816,18.0,False,False,59.0,3627.0,1.0,False,False
I2,R047,JAMScript,citelab/JAMScript,https://github.com/citelab/JAMScript,Partially,https://github.com/citelab/JAMScript/blob/master/lib/jside/docs/diagrams.pdf,Mobile IoT,Infrastructure,Unified Programming Model,Supporting Capabilities,Cross-cutting,Reactive Runtime & Hierarchical Orchestration,Supporting Capabilities,Fog/Edge,Distributed Device Collaboration,Interface Capability,Device/Edge,device â†” fog,edge-iot,31.0,A programming language for cloud of moving things (edge-based IoT),C,2024-09-13T06:59:44Z,9.0,2.593,20.0,False,False,19.0,58313.0,1.0,False,False
I1,R048,FogBus2,Cloudslab/FogBus2,https://github.com/Cloudslab/FogBus2,Partially,https://github.com/Cloudslab/FogBus2?tab=readme-ov-file#sample-environment-architecture,"Orchestration, Smart Environments, Efficient AI",Infrastructure,Integrated Fog-Cloud Resource Orchestration,Supporting Capabilities,Fog/Cloud,Secure Data Management & Authentication,Supporting Capabilities,Cross-cutting,QoS-aware Task Scheduling & Monitoring,Supporting Capabilities,Edge/Fog,edge â†” Cloud,edge-iot,25.0,FogBus2: A Lightweight and Distributed Container-based Framework for Integration of IoT-enabled Systems with Edge and Cloud Computing,Python,2024-09-03T09:17:50Z,0.0,471,2.0,False,False,10.0,27933.0,1.0,False,False
I2,R049,tflite_beam,cocoa-xu/tflite_beam,https://github.com/cocoa-xu/tflite_beam,NO,,Efficient AI,Infrastructure,On-Device ML Inference via TensorFlow Lite,Supporting Capabilities,Device/Edge,Integration of ML into Distributed BEAM Ecosystem,Supporting Capabilities,Cross-cutting,Cross-Platform Edge Deployment,Supporting Capabilities,Edge/Fog,device â†” fog,edgetpu,39.0,TensorFlow Lite Erlang bindings with optional EdgeTPU support.,C++,2024-10-28T14:25:08Z,50.0,486,3.0,False,False,6.0,31477.0,1.0,False,False
I2,R050,tflite_elixir,cocoa-xu/tflite_elixir,https://github.com/cocoa-xu/tflite_elixir,NO,,"Efficient AI, Robotic",Infrastructure,On-Device ML Inference with TensorFlow Lite,Supporting Capabilities,Device/Edge,Elixir Integration for Edge AI Applications,Supporting Capabilities,Cross-cutting,Cross-Platform Edge Deployment,Supporting Capabilities,Edge/Fog,device â†” fog,edgetpu,20.0,TensorFlow Lite Elixir bindings with optional EdgeTPU support.,Elixir,2024-10-05T20:51:38Z,23.0,82,2.0,False,False,3.0,31471.0,1.0,False,False
I2,R051,BitNetMCU,cpldcpu/BitNetMCU,https://github.com/cpldcpu/BitNetMCU,NO,,Efficient AI,Infrastructure,Low-Bit Model Quantization & Inference on MCU,Supporting Capabilities,Edge/Device,TinyML Training & Export Pipeline,Supporting Capabilities,Edge/Fog,Hardware-Aware Efficiency Optimization,Supporting Capabilities,Cross-cutting,device â†” fog,tinyml,254.0,Neural Networks with low bit weights on low end 32 bit microcontrollers such as the CH32V003 RISC-V Microcontroller and others,C,2024-12-15T11:52:33Z,126.0,126,2.0,False,False,25.0,8730.0,1.0,False,False
I1,R055,motion-ai,dcmartin/motion-ai,https://github.com/dcmartin/motion-ai,NO,,Computer Vision,System,On-Device Video Analytics & AI Inference,Supporting Capabilities,Device/Edge,Hardware-Accelerated Inference for Vision,Supporting Capabilities,Cross-cutting,Event-Driven IoT Integration,Interface Capability,Edge/Fog,device â†” fog,edge ai,296.0,AI assisted motion detection for Home Assistant,Jupyter Notebook,2024-02-08T17:43:31Z,3.0,10.151,4.0,False,False,29.0,361169.0,1.0,False,False
I1,R056,leapfrogai,defenseunicorns/leapfrogai,https://github.com/defenseunicorns/leapfrogai,NO,,Chatbot,Infrastructure,Secure Local LLM Serving,Supporting Capabilities,Device/Edge,Auditable & Observable AI Inference,Supporting Capabilities,Cross-cutting,Kubernetes-Native Deployment in Air-Gapped Environments,Supporting Capabilities,Fog/Cloud ,Continuum,edge ai,265.0,"Production-ready Generative AI for local, cloud native, airgap, and edge deployments.",Python,2024-11-13T16:06:55Z,350.0,734,30.0,False,False,29.0,19351.0,1.0,False,False
I1,R058,UA-EdgeHEMS,digitaltwinconsortium/UA-EdgeHEMS,https://github.com/digitaltwinconsortium/UA-EdgeHEMS,NO,,IIoT,System,Edge-Based Energy Management & Optimization,Supporting Capabilities,Edge,Device Interoperability via OPC UA,Interface Capability,Device/Edge,Digital Twin for Predictive Control & Monitoring,Data Capabilities,Fog/Cloud ,Continuum,edge iot,16.0,An OPC UA server-backed Home Energy Management System (HEMS) for the Smart Home,C#,2024-10-28T08:05:25Z,4.0,139,3.0,False,False,5.0,444.0,1.0,False,False
I1,R060,NanoLLM,dusty-nv/NanoLLM,https://github.com/dusty-nv/NanoLLM,NO,,"chatbot, Real Time Data Processing, Computer Vision",Infrastructure,On-Device LLM Inference with GPU Acceleration,Supporting Capabilities,Device/Edge,Optimized Resource Utilization for Edge AI,Supporting Capabilities,Cross-cutting,Offline & Private AI Assistant at Edge,Supporting Capabilities,Edge,device â†” edge,edge-ai,228.0,"Optimized local inference for LLMs with HuggingFace-like APIs for quantization, vision/language models, multimodal agents, speech, vector DB, and RAG.",Python,2024-10-18T02:50:37Z,172.0,172,3.0,False,False,40.0,3806.0,1.0,False,False
I1,R061,kura,eclipse-kura/kura,https://github.com/eclipse-kura/kura,Partially,http://eclipse-kura.github.io/kura/docs-release-5.6/cloud-platform/kura-sparkplug/,IIoT,Infrastructure,Edge Gateway Device & Network Management,Supporting Capabilities,Device/Edge,"Data Collection, Buffering & Filtering",Data Capabilities,Edge,Cloud Connectivity & Remote Lifecycle Management,Supporting Capabilities,Fog/Cloud ,Continuum,edge-iot,513.0,"Eclipse Kuraâ„¢ is a versatile framework to supercharge your edge devices, streamlining the process of configuring your gateway, connecting sensors, and IoT devices to seamlessly collect, process, and send data to the cloud.",Java,2025-01-18T09:21:42Z,212.0,6.039,59.0,False,False,314.0,406204.0,1.0,False,False
I2,R063,edgehog,edgehog-device-manager/edgehog,https://github.com/edgehog-device-manager/edgehog,YES,http://docs.edgehog.io/0.9/overview.html,Orchestration,Infrastructure,OTA Lifecycle & Fleet Control,Supporting Capabilities,Fog/Cloud,Remote Docker Application Management,Supporting Capabilities,Edge,Dynamic Fleet Grouping & Geolocation,Supporting Capabilities,Cross-cutting,Continuum,edge iot,35.0,"Easily manage your IoT device fleet with Edgehog at once. Get information on device status, deploy updates, geolocate your devices and much more!",Elixir,2025-01-15T13:12:47Z,512.0,1.639,15.0,False,False,22.0,8234.0,1.0,False,False
I2,R064,edgehog-device-runtime,edgehog-device-manager/edgehog-device-runtime,https://github.com/edgehog-device-manager/edgehog-device-runtime,NO,,Orchestration,Infrastructure,Comprehensive Telemetry Reporting,Supporting Capabilities,Device/Edge,OTA Management & State Control,Supporting Capabilities,Edge/Fog,Container Service Integration,Interface Capability,Edge,device â†” fog,edge iot,12.0,"Edgehog Device Runtime is a portable middleware written in Rust, that enables remote device management on Linux-based systems.",Rust,2025-01-20T09:04:12Z,338.0,676,11.0,False,False,12.0,1493.0,1.0,False,False
I1,R082,edgen,edgenai/edgen,https://github.com/edgenai/edgen,Partially,https://github.com/edgenai/edgen/blob/main/docs/assets/edgen_architecture_overview.svg,Efficient AI,Infrastructure,Local Modular GenAI Serving,Supporting Capabilities,Edge/Device,Hardware-Adaptive Inference Optimization,Supporting Capabilities,Cross-cutting (Edge/Fog),Cross-Platform Native Deployment,Supporting Capabilities,Fog/Edge,device â†” fog,edge ai,344.0,"âš¡  Edgen: Local, private GenAI server alternative to OpenAI. No GPU required. Run AI models locally: LLMs (Llama2, Mistral, Mixtral...), Speech-to-text (whisper) and many others.",Rust,2024-05-23T14:21:38Z,315.0,315,7.0,False,False,16.0,2481.0,1.0,False,False
I2,R083,shifu,Edgenesis/shifu,https://github.com/Edgenesis/shifu,YES,https://shifu.dev/docs/references/architecture/,Orchestration,Infrastructure,Device Virtualization & Digital Twin,Interface Capability,Device/Edge,Protocol Interoperability & Integration,Interface Capability,Edge/Fog,Kubernetes-Native Orchestration of IoT Devices,Supporting Capabilities,Fog/Cloud ,Continuum,edge iot,1304.0,Kubernetes-native IoT gateway,Go,2025-01-20T09:33:43Z,149.0,641,39.0,False,False,121.0,50368.0,1.0,False,False
I3,R084,evio,EdgeVPNio/evio,https://github.com/EdgeVPNio/evio,YES,https://edgevpn.io/architecture/,IIoT,Infrastructure,Virtualized Overlay Networking,Interface Capability,Fog/Edge,Decentralized SDN Control & Peer Discovery,Interface Capability,Fog/Edge,Secure Peer-to-Peer Tunneling,Interface Capability,Cross-cutting,edge â†” fog,edge-iot,44.0,"Virtualized overlay networking for the fog. The Evio network spans the continuum, from the cloud to the edge, providing a virtual private layer 2 network suitable for edge devices in IoT workloads.",Python,2024-08-26T19:53:45Z,32.0,190,6.0,False,False,15.0,2080.0,1.0,False,False
I2,R088,emlearn,emlearn/emlearn,https://github.com/emlearn/emlearn,NO,,IIoT,Infrastructure,Portable C99 TinyML Engine,Supporting Capabilities,Device/Edge,Python-to-Embedded Workflow Bridge,Supporting Capabilities,Fog/Edge,Platform-Agnostic Compatibility,Supporting Capabilities,Cross-cutting,device â†” fog,tinyml,545.0,Machine Learning inference engine for Microcontrollers and Embedded devices,Python,2025-01-18T23:41:01Z,134.0,686,7.0,False,False,57.0,2110.0,1.0,False,False
I1,R091,nn-comp,etri-edgeai/nn-comp,https://github.com/etri-edgeai/nn-comp,NO,,Efficient AI,Infrastructure,Model Compilation & Code Generation for Edge,Supporting Capabilities,Device/Edge,Optimization & Quantization for Resource Efficiency,Supporting Capabilities,Cross-cutting,Cross-Framework & Cross-Hardware Interoperability,Supporting Capabilities,Edge/Fog,device â†” fog,edgeai,12.0,Neural Network Compression for Edge AI,Python,2024-12-19T13:18:59Z,1.0,338,4.0,False,False,7.0,554.0,1.0,False,False
I1,R092,GPT-Telegramus,F33RNI/GPT-Telegramus,https://github.com/F33RNI/GPT-Telegramus,NO,,"Speech, chatbot",System,Service/Protocol Interoperability Gateway,Interface Capability,Edge/Fog,Access Control & Operational Telemetry,Supporting Capabilities,cross-cutting,Containerized Deployment & Portability,Supporting Capabilities,Edge/Fog/Cloud,edge â†” Cloud,edge-ai,340.0,"ðŸ’œ The best free Telegram bot for ChatGPT, Microsoft Copilot (aka Bing AI / Sidney / EdgeGPT), Microsoft Copilot Designer (aka BingImageCreator), Gemini and Groq with stream writing, requests with images, multiple languages, admin control, data logging and more!",Python,2024-05-16T04:53:12Z,149.0,528,9.0,False,False,104.0,10017.0,1.0,False,False
I2,R093,fabedge,FabEdge/fabedge,https://github.com/FabEdge/fabedge,YES,https://github.com/FabEdge/fabedge?tab=readme-ov-file#how-it-works,IIoT,Infrastructure,Secure Cloud-Edge & Edge-Edge Overlay Networking,Interface Capability,Fog/Edge,Automatic Configuration & Topology-Aware Discovery,Supporting Capabilities,Edge/Fog,Kubernetes-Native Multi-Cluster Orchestration,Supporting Capabilities,Fog/Edge,edge â†” fog,edge iot,523.0,Secure Edge Networking Solution Based On Kubernetes,Go,2025-01-11T01:27:42Z,7.0,835,17.0,False,False,57.0,5337.0,1.0,False,False
I2,R095,fledge,fledge-iot/fledge,https://github.com/fledge-iot/fledge,YES,https://github.com/fledge-iot/fledge/blob/develop/docs/fledge_architecture.rst,IIoT,Infrastructure,Edge Data Ingestion & Preprocessing,Data Capabilities,Edge,Plugin-based Northbound/Southbound Connectivity,Interface Capability,Device/Edge/Fog,Edge Analytics & Closed-Loop Control,Data Capabilities,Edge,device â†” fog,edge iot,127.0,"An open source platform for the Industrial Internet of Things, it acts as an edge gateway between sensor devices and cloud storage systems.",Python,2025-01-17T12:43:43Z,608.0,11.824,42.0,False,False,50.0,44971.0,1.0,False,False
I3,R096,pipy,flomesh-io/pipy,https://github.com/flomesh-io/pipy,NO,,"Data streaming processing, Efficient AI",Infrastructure,Programmable Network Proxy & Pipelines,Interface Capability,Edge/Fog,Service Mesh & API Gateway Integration,Interface Capability,Fog/Cloud,Lightweight High-Performance Networking,Interface Capability,Cross-cutting,edge â†” Cloud,edge-iot,782.0,"Pipy is a programmable proxy for the cloud, edge and IoT.",C++,2025-01-16T03:41:09Z,480.0,2.251,21.0,False,False,73.0,53687.0,1.0,False,False
I3,R098,trusted-connector,Fraunhofer-AISEC/trusted-connector,https://github.com/Fraunhofer-AISEC/trusted-connector,YES,https://industrial-data-space.github.io/trusted-connector-documentation/docs/overview/,IIoT,Infrastructure,Secure Data Exchange Gateway,Interface Capability,Fog/Cloud/Edge,Data Sovereignty & Policy Enforcement,Supporting Capabilities,Cross-cutting,Trusted Execution & Compliance Integration,Supporting Capabilities,Fog/Cloud ,edge â†” Cloud,edge-iot,48.0,"IoT edge platform ""Trusted Connector"" of the International Data Spaces. Based on Spring Boot, includes Camel message routing, a Camel component for IDSCP2 (including remote attestation with other connectors) and a management web UI.",Kotlin,2024-08-31T15:15:08Z,32.0,2.263,14.0,False,False,45.0,114526.0,1.0,False,False
I1,R101,solo-server,GetSoloTech/solo-server,https://github.com/GetSoloTech/solo-server,NO,,"Efficient AI, Orchestration",Infrastructure,Biomedical IoT Data Aggregation & Storage,Data Capabilities,Edge/Fog,APIs for Health Data Integration,Interface Capability,Fog/Cloud,User & Device Management for IoT Healthcare,Supporting Capabilities,Cross-cutting,edge â†” Cloud,edge-ai,31.0,Simple server to manage compound AI,Python,2025-01-07T18:18:11Z,93.0,95,5.0,False,False,4.0,45864.0,1.0,False,False
I2,R105,LiteRT,google-ai-edge/LiteRT,https://github.com/google-ai-edge/LiteRT,NO,,"Federated learning, Efficient AI",Infrastructure,Lightweight On-Device Inference Runtime,Supporting Capabilities,Device/Edge,Hardware-Accelerated ML Execution,Supporting Capabilities,Cross-cutting (Device/Edge),Cross-Platform Portability & Integration,Supporting Capabilities,Edge/Fog,device â†” fog,edge ai,237.0,"LiteRT is the new name for TensorFlow Lite (TFLite). While the name is new, it's still the same trusted, high-performance runtime for on-device AI, now with an expanded vision.",C++,2025-01-19T21:01:14Z,175.0,261,32.0,False,False,20.0,49963.0,1.0,False,False
I2,R116,inngest,inngest/inngest,https://github.com/inngest/inngest,YES,https://www.inngest.com/docs/self-hosting#inngest-system-architecture,"Data streaming processing, Real Time Data Processing",Infrastructure,Event-Driven Orchestration,Supporting Capabilities,Fog/Cloud,Resilient Task Scheduling & State Management,Supporting Capabilities,Edge,Cross-Environment Portability,Supporting Capabilities,Cross-cutting,fog â†” cloud,edge-ai,2356.0,"The leading workflow orchestration platform.  Run stateful step functions and AI workflows on serverless, servers, or the edge.",Go,2025-01-17T23:31:55Z,1097.0,4.174,24.0,False,False,91.0,325678.0,1.0,False,False
I2,R120,AiCSD,intel/AiCSD,https://github.com/intel/AiCSD,YES,https://intel.github.io/AiCSD/index.html#ai-connect-for-scientific-data-aicsd,"Computer Vision, IIoT, Orchestration",Infrastructure,Edge Data Pipeline & Processing,Data Capabilities,Edge/Fog,Monitoring & Log Analytics,Supporting Capabilities,Cross-cutting,Secure Coordination & Communication,Supporting Capabilities,Cross-cutting,edge â†” fog,edge-ai,17.0,"AI Connect for Scientific Data (AiCSD) is a new solution for using AI to connect data from scientific instruments to applicable AI pipelines and run workloads at the edge. This repository contains EdgeX Foundry based microservices to automatically detect, manage, and process OEM images with OpenVINO.",Go,2025-01-03T19:40:54Z,38.0,78,9.0,False,False,13.0,30826.0,1.0,False,False
I1,R121,compage,intelops/compage,https://github.com/intelops/compage,Partially,https://github.com/intelops/compage/tree/main/images,Others,Infrastructure,Low-Code Cloud-to-Edge App Generation,Supporting Capabilities,Fog/Cloud,Supply Chain Security & SBOM Automation,Supporting Capabilities,Cross-cutting,Multi-Platform Orchestration & Deployment,Supporting Capabilities,Fog/Cloud,fog â†” cloud,edge-iot,83.0,"Compage - Low-Code Framework to develop Rest API, gRPC, dRPC, GraphQL, WebAssembly, microservices, FaaS, Temporal workloads, IoT and edge services, K8s controllers, K8s CRDs, K8s custom APIs, K8s Operators, K8s hooks, etc. with minimal coding and by automatically applying best practice methods like software supply chain security measures, SBOM, openAPI, cloudevents, etc. Auto generate code after defining requirements in UI as diagram.",Go,2024-08-09T19:09:32Z,43.0,976,7.0,False,False,21.0,29436.0,1.0,False,False
I1,R123,AISonobuoy,IQTLabs/AISonobuoy,https://github.com/IQTLabs/AISonobuoy,NO,,"Autonomous Systems, Smart Environment",System,Edge Data Pipeline & Processing,Data Capabilities,Edge/Fog,Automated Data Collection & Labeling,Data Capabilities,Edge/Fog,Low-Power Edge Inference & Alerting,Supporting Capabilities,Device/Edge,device â†” fog,edge ai,37.0,Maritime Situational Awareness: An Exploration,C,2025-01-18T01:55:07Z,0.0,2.425,18.0,False,False,21.0,88583.0,1.0,False,False
I1,R124,BirdsEye,IQTLabs/BirdsEye,https://github.com/IQTLabs/BirdsEye,Partially,https://github.com/IQTLabs/BirdsEye/blob/main/docs/classes_BirdsEye.png,Computer Vision,System,Lightweight RL-based RF Localization,Supporting Capabilities,Edge,Compute-Efficient Training & Inference,Supporting Capabilities,Edge,Simulation-Driven Edge Modeling,Supporting Capabilities,Edge/Fog,edge â†” fog,edge-ai,42.0,"The BirdsEye RL/RF project enables localization of mobile radio frequency targets, e.g., drones operators, via commericial off-the-shelf sensors.",Jupyter Notebook,2025-01-19T01:32:15Z,292.0,1.498,11.0,False,False,16.0,418686.0,1.0,False,False
I1,R126,jevois,jevois/jevois,https://github.com/jevois/jevois,NO,,"Computer Vision, autonomous systems, Real Time Data Processing",Infrastructure,On-Device Vision AI Inference,Supporting Capabilities,Device/Edge,Modular Edge AI Framework,Supporting Capabilities,Edge,Real-Time Video Processing & Output,Supporting Capabilities,Device/Edge,device â†” edge,edgetpu,147.0,JeVois smart machine vision framework,C,2024-10-26T01:15:55Z,25.0,357,5.0,False,False,55.0,95125.0,1.0,False,False
I1,R129,DeepStack,johnolafenwa/DeepStack,https://github.com/johnolafenwa/DeepStack,NO,,"IIoT, Computer Vision, Smart Environment",Infrastructure,Local AI Serving (Offline Edge Inference),Supporting Capabilities,Edge/Device,Cross-Platform Flexibility,Supporting Capabilities,Fog/Edge,Secure & Scalable API Management,Interface Capability,Cross-cutting,device â†” fog,edge ai,723.0,The World's Leading Cross Platform AI Engine for Edge Devices,Python,2024-06-13T15:03:35Z,0.0,282,5.0,False,False,114.0,413887.0,1.0,False,False
I1,R130,AI-on-the-edge-device,jomjol/AI-on-the-edge-device,https://github.com/jomjol/AI-on-the-edge-device,Partially,https://jomjol.github.io/AI-on-the-edge-device-docs/,Smart Environment,System,Edge Processing,Data capabilities,Edge,Connectivity & Integration,Interface Capability,cross-cutting,Device Management & Updatability,Supporting Capabilities,Fog/Device,device â†” fog,edge ai,6266.0,"Easy to use device for connecting ""old"" measuring units (water, power, gas, ...) to the digital world",C++,2025-01-17T22:16:56Z,266.0,2.026,61.0,False,False,677.0,163077.0,1.0,False,False
I2,R131,AI-on-the-edge-device-docs,jomjol/AI-on-the-edge-device-docs,https://github.com/jomjol/AI-on-the-edge-device-docs,Partially,https://github.com/jomjol/AI-on-the-edge-device-docs/tree/main/docs,Smart Environment,System,Edge Processing,Data capabilities,Edge,Connectivity & Integration,Interface Capability,cross-cutting,Device Management & Updatability,Supporting Capabilities,Fog/Device,device â†” fog,edge ai,84.0,Github for hosting the documentation for the project: https://github.com/jomjol/AI-on-the-edge-device,Python,2025-01-19T01:44:43Z,75.0,401,23.0,False,False,40.0,106847.0,1.0,False,False
I1,R134,SydneyQt,juzeon/SydneyQt,https://github.com/juzeon/SydneyQt,NO,,Chatbot,System,AI Service Interoperability Client,Interface Capability,Device,Cross-Platform Lightweight Interface,Interface Capability,Cross-cutting,User-to-Cloud Interaction Gateway,Interface Capability,Cross-cutting,Continuum,edge ai,873.0,A cross-platform desktop client for the jailbroken New Bing AI Copilot (Sydney ver.) built with Go and Wails (previously based on Python and Qt).,Go,2024-11-22T06:45:49Z,185.0,424,3.0,False,False,80.0,13042.0,1.0,False,False
I1,R137,keylime,keylime/keylime,https://github.com/keylime/keylime,YES,https://github.com/keylime/keylime/blob/master/docs/old/keylime-detailed-architecture-v7.pptx,"Smart Environments, Industry 4.0, Medical IoT",Infrastructure,Remote Attestation & Integrity Verification,Supporting Capabilities,Device/Edge,Secure Provisioning & Key Management,Supporting Capabilities,Fog/Cloud,Cross-Layer Security & Compliance,Supporting Capabilities,Cross-cutting,Continuum,edge-iot,440.0,A CNCF Project to Bootstrap & Maintain Trust on the Edge / Cloud and IoT,Python,2025-01-17T17:31:37Z,191.0,1.964,65.0,False,False,153.0,15813.0,1.0,False,False
I1,R138,kubeedge,kubeedge/kubeedge,https://github.com/kubeedge/kubeedge,YES,https://release-1-19.docs.kubeedge.io/docs/category/architecture,"Autonomous Systems, Smart Environment, IIoT",Infrastructure,Cloud-Edge Application Orchestration,Supporting Capabilities,Fog/Cloud/Edge,Secure Edge Communication & Digital Twin,Supporting Capabilities,Cross-cutting (Edge/Fog/Cloud),IoT Device Integration & Event Routing,Interface Capability,Device/Edge,Continuum,edge iot,6903.0,Kubernetes Native Edge Computing Framework (project under CNCF),Go,2025-01-20T07:39:25Z,634.0,5.831,100.0,False,False,1740.0,143846.0,1.0,False,False
I1,R141,edge-home-orchestration-go,lf-edge/edge-home-orchestration-go,https://github.com/lf-edge/edge-home-orchestration-go,YES,https://github.com/lf-edge/edge-home-orchestration-go/tree/master/docs,Smart Environment,Infrastructure,Dynamic Service Offloading & Load Balancing,Supporting Capabilities,Edge/Fog,Distributed Device Discovery & Scheduling,Supporting Capabilities,Device/Edge,Container-based Application Deployment,Supporting Capabilities,Edge/Device,device â†” fog,edge iot,94.0,Home Edge Project in LF Edge - Edge Orchestration for home edge devices to enabling smart home use cases.,Go,2025-01-06T09:17:12Z,8.0,769,20.0,False,False,51.0,5354.0,1.0,False,False
I1,R142,ekuiper,lf-edge/ekuiper,https://github.com/lf-edge/ekuiper,YES,https://ekuiper.org/docs/en/latest/concepts/ekuiper.html,"Smart Environment, IIoT, Efficient AI",Infrastructure,Lightweight Stream Processing & Rule Engine,Data Capabilities,Edge,Highly Extensible Connectivity Framework,Interface Capability,Device/Edge,Management Dashboard & API-based Control,Supporting Capabilities,Fog/Edge,device â†” fog,edge-iot,1519.0,Lightweight data stream processing engine for IoT edge,Go,2025-01-17T10:12:02Z,718.0,3.241,90.0,False,False,418.0,119529.0,1.0,False,False
I2,R143,eve,lf-edge/eve,https://github.com/lf-edge/eve,YES,https://github.com/lf-edge/eve/blob/master/docs/APP-CONNECTIVITY.md,"IIoT, Autonomous Systems",Infrastructure,Secure Edge Virtualization & Isolation,Supporting Capabilities,Edge,Remote Orchestration & Lifecycle Management,Supporting Capabilities,Fog/Cloud,Zero-Trust Security & Device Integrity,Supporting Capabilities,Cross-cutting,edge â†” Cloud,edge iot,480.0,EVE is Edge Virtualization Engine ,Go,2025-01-17T17:09:18Z,906.0,11.140,83.0,False,False,164.0,400535.0,1.0,False,False
I1,R146,TPI-LLM,Lizonghang/TPI-LLM,https://github.com/Lizonghang/TPI-LLM,NO,,Chatbot,Infrastructure,Distributed LLM Inference with Tensor Parallelism,Supporting Capabilities,Fog/Cloud,Scalable Multi-Device AI Execution,Supporting Capabilities,Fog/Cloud,High-Performance NLP/LLM Serving,Supporting Capabilities,Edge/Fog/Cloud,edge â†” Cloud,edge-ai,168.0,TPI-LLM: Serving 70b-scale LLMs Efficiently on Low-resource Edge Devices,Python,2024-11-15T08:18:45Z,139.0,139,2.0,False,False,12.0,146.0,1.0,False,False
I1,R147,hal-9100,llm-edge/hal-9100,https://github.com/llm-edge/hal-9100,NO,,Chatbot,Infrastructure,Application Hosting & Execution,Supporting Capabilities,Edge/Fog,Interoperability Gateway,Interface Capability,Cross-cutting (Edge/Fog/Cloud),Resource Management,Supporting Capabilities,Fog/Cloud,edge â†” Cloud,edge ai,374.0,Edge full-stack LLM platform. Written in Rust,Rust,2024-05-25T09:42:43Z,200.0,433,6.0,False,False,31.0,1661.0,1.0,False,False
I2,R148,loxilb,loxilb-io/loxilb,https://github.com/loxilb-io/loxilb,YES,https://docs.loxilb.io/latest/arch/,"Smart Environment, Orchestration",Infrastructure,High-Performance Edge Load Balancing,Supporting Capabilities,Fog/Edge,Multi-Cluster & Multi-Tenant Networking,Interface Capability,Fog/Cloud,Security & Resilience (DDoS Protection),Supporting Capabilities,Cross-cutting,edge â†” Cloud,edge-iot,1547.0,eBPF based cloud-native load-balancer for Kubernetes|Edge|Telco|IoT|XaaS.,Go,2025-01-19T22:06:49Z,1266.0,3.377,24.0,False,False,124.0,40347.0,1.0,False,False
I1,R149,luos_engine,Luos-io/luos_engine,https://github.com/Luos-io/luos_engine,Partially,https://www.luos.io/docs/luos-technology/basics/concepts,"IIoT, Industry 4.0",Infrastructure,Modular Microservice Architecture,Supporting Capabilities,Device/Edge,Dynamic Service Discovery & Communication,Interface Capability,Edge/Fog,Distributed IoT System Scalability,Supporting Capabilities,Edge/Fog,device â†” fog,edge iot,519.0,"Open-source and real-time orchestrator for cyber-physical-systems, to easily design, test and deploy embedded applications and digital twins.",C,2025-01-15T13:51:34Z,0.0,1.488,13.0,False,False,57.0,23386.0,1.0,False,False
I1,R150,macchina.io,macchina-io/macchina.io,https://github.com/macchina-io/macchina.io,Partially,https://docs.macchina.io/edge/00400-MQTTProgramming.html,IIoT,Infrastructure,Edge Gateway Device & Protocol Integration,Interface Capability,Device/Edge,Web-Enabled Service Exposure,Interface Capability,Edge/Fog,Remote Application Management & Extensibility,Supporting Capabilities,Fog/Cloud ,Continuum,edge-iot,517.0,"macchina.io EDGE is a powerful C++ and JavaScript SDK for edge devices, multi-service IoT gateways and connected embedded systems.",C++,2024-06-11T16:51:00Z,37.0,1.233,7.0,False,False,156.0,128373.0,1.0,False,False
I2,R151,microflow-rs,matteocarnelos/microflow-rs,https://github.com/matteocarnelos/microflow-rs,NO,,Real Time Data Processing,Infrastructure,Lightweight Stream Processing Runtime,Data Capabilities,Edge,Reactive Dataflow & Event Handling,Data Capabilities,Device/Edge,Embedded-Friendly Portability,Supporting Capabilities,Cross-cutting,device â†” edge,tinyml,111.0,A robust and efficient TinyML inference engine.,Rust,2024-12-12T14:42:00Z,21.0,108,2.0,False,False,10.0,1337.0,1.0,False,False
I2,R152,tokay-lite-sdk,maxlab-io/tokay-lite-sdk,https://github.com/maxlab-io/tokay-lite-sdk,NO,,"IIoT, Smart Environment",Infrastructure,Lightweight SDK for IoT/Edge AI,Supporting Capabilities,Device/Edge,On-Device AI Inference,Supporting Capabilities,Device,IoT Connectivity & Integration,Interface Capability,Edge/Fog,device â†” fog,edge ai,49.0,Tokay Lite: Low Power Edge AI Camera SDK,C++,2024-09-29T11:43:21Z,6.0,117,2.0,False,False,7.0,829.0,1.0,False,False
I2,R153,azure_arc,microsoft/azure_arc,https://github.com/microsoft/azure_arc,YES,https://github.com/Azure/arc_jumpstart_docs,"Efficient AI, Orchestration",Infrastructure,Unified Hybrid Management,Supporting Capabilities,Fog/Cloud,GitOps & Policy-based Configuration at Scale,Supporting Capabilities,Fog/Cloud,Unified Security & Monitoring,Supporting Capabilities,Cross-cutting,Continuum,edge iot,755.0,"Automated Azure Arc, Edge, and Platform environments",HTML,2025-01-16T22:50:03Z,2035.0,13.894,86.0,False,False,558.0,576406.0,1.0,False,False
I1,R154,mindspore,mindspore-ai/mindspore,https://github.com/mindspore-ai/mindspore,YES,https://github.com/mindspore-ai/mindspore/tree/master/docs,Federated Learning,Infrastructure,End-to-End AI Lifecycle (Cloudâ€“Edgeâ€“Device),Supporting Capabilities,Cross-cutting,Lightweight Edge Inference (MindSpore Lite),Supporting Capabilities,Device/Edge,Privacy-Preserving Federated Learning,Supporting Capabilities,Cross-cutting,Continuum,edge ai,4372.0,"MindSpore is a new open source deep learning training/inference framework that could be used for mobile, edge and cloud scenarios.",C++,2024-07-29T01:48:05Z,7097.0,83.896,93.0,False,False,718.0,869597.0,1.0,False,False
I1,R162,xsai,moeru-ai/xsai,https://github.com/moeru-ai/xsai,NO,,"Orchestration, Efficiente AI",Infrastructure,On-Device LLM Inference (Offline-First),Supporting Capabilities,Device/Edge,Decentralized & Privacy-Preserving AI,Supporting Capabilities,Cross-cutting,Unified Runtime for Multiple Models,Supporting Capabilities,Edge/Fog,device â†” fog,edge-ai,34.0,"ðŸ¤–ðŸ’¬ extra-small AI SDK for Browser, Node.js, Deno, Bun or Edge Runtime.",TypeScript,2025-01-19T06:18:19Z,208.0,246,4.0,False,False,4.0,554.0,1.0,False,False
I1,R163,montithings,MontiCore/montithings,https://github.com/MontiCore/montithings,YES,https://www.se-rwth.de/research/MontiThings/,Model-Driven Engineering (MDE),Meta-Architecture,Model-Driven IoT/Edge Application Development,Supporting Capabilities,Cross-cutting,Dynamic Deployment & Update at Edge,Supporting Capabilities,Edge/Fog,Asynchronous Cross-Device Communication,Interface Capability,Device/Edge,device â†” fog,edge iot,14.0,An ecosystem for model-driven IoT applications,Java,2025-01-10T20:52:30Z,15.0,4.617,34.0,False,False,6.0,16788.0,1.0,False,False
I2,R166,nabto-embedded-sdk,nabto/nabto-embedded-sdk,manda baa gent,YES,https://docs.nabto.com/developer/platforms/common/intro.html,Smart Environment,Infrastructure,Secure P2P Communication for IoT Devices,Interface Capability,Device/Edge,NAT/Firewall Traversal & Connectivity Optimization,Interface Capability,Cross-cutting,Lightweight Embedded Integration,Supporting Capabilities,Device,device â†” edge,edge-iot,17.0,"Nabto Edge Embedded SDK. Secure, direct connections to your IoT devices.",C,2024-12-02T13:10:24Z,195.0,2.861,5.0,False,False,4.0,5401.0,1.0,False,False
I2,R167,nanomq,nanomq/nanomq,https://github.com/nanomq/nanomq,YES,https://github.com/nanomq/nanomq/blob/master/docs/en_US/assets/architecture.png,"Data streaming processing, Smart Environment",Infrastructure,Lightweight Edge Messaging Broker,Interface Capability,Device/Edge,Protocol Translation & Interoperability Gateway,Interface Capability,Edge/Fog,High-Performance & Resource-Efficient Messaging,Interface Capability,Cross-cutting,device â†” fog,edge-iot,1711.0,An ultra-lightweight and blazing-fast Messaging broker/bus for IoT edge & SDV,C,2025-01-14T14:58:23Z,539.0,3.598,31.0,False,False,203.0,18876.0,1.0,False,False
I1,R170,edgerunner,neuralize-ai/edgerunner,https://github.com/neuralize-ai/edgerunner,NO,,Efficient AI,Infrastructure,Universal On-Device AI Runtime Integration,Supporting Capabilities,Edge/Device,Device-Agnostic API Abstraction,Interface Capability,Edge/Fog,Platform-Specific NPU SDK Management,Supporting Capabilities,Cross-cutting,device â†” fog,edge ai,65.0,Simplified AI runtime integration for mobile app development,C++,2024-11-29T13:52:56Z,355.0,355,1.0,False,False,4.0,34787.0,1.0,False,False
I1,R173,tflite-cv-example,NobuoTsukamoto/tflite-cv-example,https://github.com/NobuoTsukamoto/tflite-cv-example,NO,,Computer Vision,Infrastructure,On-Device Vision AI Inference,Supporting Capabilities,Device/Edge,Real-Time Image/Video Processing,Supporting Capabilities,Edge,Reference Toolkit for Edge AI Developers,Supporting Capabilities,Fog/Edge,device â†” fog,edge tpu,120.0,"TensorFlow Lite, Coral Edge TPU samples (Python/C++, Raspberry Pi/Windows/Linux).",Python,2024-08-24T23:22:58Z,1.0,192,2.0,False,False,15.0,58920.0,1.0,False,False
I2,R182,ai-edge,opendatahub-io/ai-edge,https://github.com/opendatahub-io/ai-edge,YES,https://github.com/opendatahub-io/ai-edge/blob/main/docs/images/edge-architecture.png,"Industry 4.0, Smart Environment",Infrastructure,Edge Processing,Data Capabilities,Edge,Orchestration & Management,Supporting Capabilities,Fog/Cloud,Monitoring & Observability,Supporting Capabilities,Cross-cutting (device/Edge),edge â†” fog,edge-ai,12.0,ODH integration with AI at the Edge usecases,Go,2024-11-11T22:52:26Z,280.0,490,13.0,False,False,19.0,16979.0,1.0,False,False
I2,R183,microshift,openshift/microshift,https://github.com/openshift/microshift,YES,https://github.com/openshift/microshift/blob/main/docs/contributor/design.md,Smart Environment,Infrastructure,Lightweight Kubernetes-Native Orchestration,Supporting Capabilities,Edge,Cloud-Edge Continuum Integration,Supporting Capabilities,Fog/Cloud,Secure Lifecycle & Policy Management,Supporting Capabilities,Cross-cutting,edge â†” Cloud,edge iot,708.0,A small form factor OpenShift/Kubernetes optimized for edge computing,Go,2025-01-20T09:07:17Z,1961.0,5.895,84.0,False,False,203.0,107666.0,1.0,False,False
I2,R184,model_server,openvinotoolkit/model_server,https://github.com/openvinotoolkit/model_server,Partially,https://github.com/openvinotoolkit/model_server/tree/main/docs,Efficient AI,Infrastructure,Scalable AI Model Serving (gRPC/REST),Supporting Capabilities,Fog/Cloud/Edge,Hardware-Accelerated Inference,Supporting Capabilities,Cross-cutting (Device/Edge/Fog),Model Lifecycle Management,Supporting Capabilities,Fog/Cloud ,Continuum,edge ai,697.0,A scalable inference server for models optimized with OpenVINOâ„¢,C++,2025-01-19T23:16:54Z,484.0,2.689,42.0,False,False,213.0,54087.0,1.0,False,False
I1,R185,openvino_testdrive,openvinotoolkit/openvino_testdrive,https://github.com/openvinotoolkit/openvino_testdrive,NO,,"Chatbot, Computer Vision",System,Reference Pipelines for Edge AI Inference,Supporting Capabilities,Device/Edge,Hardware-Accelerated AI Execution,Supporting Capabilities,Cross-cutting,Developer Onboarding & Model Evaluation Toolkit,Supporting Capabilities,Fog/Edge,device â†” fog,edge-ai,14.0,"With OpenVINO Test Drive, users can run large language models (LLMs) and models trained by Intel Geti on their devices, including AI PCs and Edge devices.",Dart,2025-01-17T23:02:56Z,368.0,369,6.0,False,False,3.0,23622.0,1.0,False,False
I2,R194,executorch,pytorch/executorch,https://github.com/pytorch/executorch,YES,https://github.com/pytorch/executorch/blob/main/docs/source/getting-started-architecture.md,"Computer vision, speech",Infrastructure,End-to-End On-Device AI Workflow,Supporting Capabilities,Edge,High Portability across Diverse Hardware,Supporting Capabilities,Edge/Fog,Developer Productivity & Toolchain Integration,Supporting Capabilities,Cross-cutting,edge â†” fog,edge ai,2412.0,"On-device AI across mobile, embedded and edge for PyTorch",C++,2025-01-19T11:35:00Z,3856.0,5.271,100.0,False,False,420,150581.0,1.0,False,False
I2,R197,rhel-edge-automation-arch,redhat-cop/rhel-edge-automation-arch,https://github.com/redhat-cop/rhel-edge-automation-arch,Partially,https://github.com/redhat-cop/rhel-edge-automation-arch/tree/main?tab=readme-ov-file#architecture,IIoT,Infrastructure,Automated Edge Provisioning & Configuration,Supporting Capabilities,Edge/Fog,OTA Updates & Rollback Management,Supporting Capabilities,Edge/Fog,GitOps-Driven Orchestration & Compliance,Supporting Capabilities,Cross-cutting,edge â†” fog,edge architecture,45,RHEL for Edge Automation Deployment Architecture,Jinja,2023-12-21T19:39:53Z,0.0,315,7.0,False,FALSE,33,,,FALSE,FALSE
I1,R198,redpanda-edge-agent,redpanda-data/redpanda-edge-agent,https://github.com/redpanda-data/redpanda-edge-agent,NO,,"Real Time Data Processing, IIoT",Infrastructure,Edge-to-Cloud Data Streaming,Data Capabilities,Edge/Fog/Cloud,Resilient Connectivity in Intermittent Networks,Interface Capability,Cross-cutting,Remote Agent Management & Integration,Supporting Capabilities,Fog/Cloud ,edge â†” Cloud,edge iot,28.0,Lightweight internet of things agent that forwards events from the edge,Go,2024-03-25T20:11:17Z,2.0,59,3.0,False,False,9.0,7228.0,1.0,False,False
I1,R201,viseron,roflcoopter/viseron,https://github.com/roflcoopter/viseron,Partially,https://github.com/roflcoopter/viseron/tree/dev/docs/docs/documentation/configuration,Computer Vision,System,On-Device Video Analytics & AI Inference,Supporting Capabilities,Device/Edge,Hardware-Accelerated Vision Processing,Supporting Capabilities,Cross-cutting,Event-Driven Smart Home/IoT Integration,Interface Capability,Edge/Fog,device â†” fog,edgetpu,1843.0,"Self-hosted, local only NVR and AI Computer Vision software.  With features such as object detection, motion detection, face recognition and more, it gives you the power to keep an eye on your home, office or any other place you want to monitor.",Python,2025-01-19T09:53:42Z,367.0,1.847,11.0,False,False,190.0,41822.0,1.0,False,False
I1,R203,salt,saltstack/salt,https://github.com/saltstack/salt,YES,https://github.com/saltstack/salt/blob/master/doc/topics/development/architecture.rst,Orchestration,Infrastructure,Scalable Remote Configuration & Automation,Supporting Capabilities,Fog/Cloud,Real-Time Orchestration & Parallel Execution,Supporting Capabilities,Fog/Edge,"Security, Compliance & Lifecycle Management",Supporting Capabilities,Cross-cutting,edge â†” Cloud,edge iot,14287.0,Software to automate the management and configuration of any infrastructure or application at scale. Install Salt from the Salt package repositories here:,Python,2025-01-20T09:37:47Z,1280.0,121.363,100.0,False,False,5496.0,547395.0,1.0,False,False
I1,R204,fedn,scaleoutsystems/fedn,https://github.com/scaleoutsystems/fedn,YES,https://docs.scaleoutsystems.com/en/stable/architecture.html,Federated learning,Infrastructure,Federated Model Training & Aggregation,Supporting Capabilities,Edge/Fog/Cloud,Scalable Orchestration of Heterogeneous Nodes,Supporting Capabilities,Fog/Cloud,Privacy-Preserving Collaboration,Supporting Capabilities,Cross-cutting,edge â†” Cloud,edge-ai,146.0,"FEDn: An enterprise-ready open source federated learning framework. This repository contains the Python framework, CLI and API.",Python,2025-01-16T09:16:35Z,245.0,1.931,25.0,False,False,36.0,371729.0,1.0,False,False
I1,R205,ModelAssistant,Seeed-Studio/ModelAssistant,https://github.com/Seeed-Studio/ModelAssistant,NO,,Efficient AI,Infrastructure,Simplified AI Model Deployment at Edge,Supporting Capabilities,Device/Edge,Multi-Framework & Hardware Interoperability,Supporting Capabilities,Cross-cutting,Model Lifecycle Management,Supporting Capabilities,Fog/Edge,device â†” fog,tinyml,352.0,Seeed SenseCraft Model Assistant is an open-source project focused on embedded AI. ðŸ”¥ðŸ”¥ðŸ”¥,Python,2025-01-16T11:13:02Z,224.0,824,100.0,False,False,49.0,26993.0,1.0,False,False
I1,R207,piccolo,sensiml/piccolo,https://github.com/sensiml/piccolo,Partially,https://github.com/sensiml/piccolo/blob/main/docs/source/mqtt-specification/introduction.rst,"Efficient AI, AIoT, Real Time Data Processing",Infrastructure,Ultra-Lightweight TinyML Inference Runtime,Supporting Capabilities,Device,Sensor Data Pattern Recognition,Supporting Capabilities,Device/Edge,Low-Power Embedded AI Optimization,Supporting Capabilities,Cross-cutting,device â†” edge,edge ai,53.0,SensiML's open-source AutoML solution for Edge AI model development,Python,2025-01-17T01:48:25Z,54.0,77,5.0,False,False,7.0,96464.0,1.0,False,False
I1,R210,simpleiot,simpleiot/simpleiot,https://github.com/simpleiot/simpleiot,YES,https://github.com/simpleiot/simpleiot/tree/master/docs/ref,Smart Environment,Infrastructure,Lightweight Edge IoT Platform,Supporting Capabilities,Device/Edge,Graph-Based Device & Data Modeling,Data Capabilities,Edge/Fog,Remote Device Management & Configuration,Supporting Capabilities,Fog/Cloud ,Continuum,edge-iot,178.0,Simple IoT cloud/edge application/framework,Go,2025-01-03T22:10:16Z,263.0,3.433,9.0,False,False,29.0,16600.0,1.0,False,False
I2,R212,MaixPy,sipeed/MaixPy,https://github.com/sipeed/MaixPy,NO,,Computer Vision,Infrastructure,On-Device AI Inference (TinyML),Supporting Capabilities,Device,Python-Based Embedded Runtime,Supporting Capabilities,Cross-cutting (Device/Edge),Peripheral & Sensor Integration for IoT,Interface Capability,Device/Edge,device â†” edge,edge ai,225.0,Easily create AI projects with Python on edge device,Python,2025-01-17T10:44:06Z,408.0,443,13.0,False,False,47.0,63546.0,1.0,False,False
I1,R217,fogflow,smartfog/fogflow,https://github.com/smartfog/fogflow,YES,https://github.com/smartfog/fogflow/blob/development/docs/en/source/introduction.rst,"Industry 4.0, Smart Environment, Autonomous Systems",Infrastructure,Dynamic Service Orchestration,Supporting Capabilities,Fog/Edge ,Context-aware Service Discovery & Chaining,Interface Capability,Edge/Fog,Distributed Task Scheduling & Optimization,Supporting Capabilities,Fog/Cloud ,edge â†” Cloud,edge-iot,126.0,FogFlow is a standard-based IoT fog computing framework that supports serverless computing and edge computing with advanced programming models,Go,2024-11-04T09:48:23Z,22.0,2.471,23.0,False,False,45.0,187714.0,1.0,False,False
I1,R223,edgeai-gst-apps,TexasInstruments/edgeai-gst-apps,https://github.com/TexasInstruments/edgeai-gst-apps,NO,,Computer Vision,Infrastructure,Hardware-Accelerated GStreamer Pipelines,Supporting Capabilities,Edge,End-to-End Streaming Edge Inference,Transducer Capabilities,Edge,Cross-Language & Configurable Runtime,Supporting Capabilities,Edge/Fog,edge â†” fog,edgeai,26.0,Gstreamer based Edge AI reference application,C++,2024-12-12T12:20:44Z,43.0,173,9.0,False,False,27.0,488.0,1.0,False,False
I2,R225,thin-edge.io,thin-edge/thin-edge.io,https://github.com/thin-edge/thin-edge.io,YES,https://thin-edge.github.io/thin-edge.io/understand/faq/,IIoT,Infrastructure,Lightweight IoT Edge Gateway,Interface Capability,Device/Edge,Multi-Protocol IoT Interoperability,Interface Capability,Edge/Fog,Remote Device Management & OTA Updates,Supporting Capabilities,Fog/Cloud ,Continuum,edge-iot,228.0,The open edge framework for lightweight IoT devices,Rust,2025-01-17T22:04:34Z,1771.0,5.432,30.0,False,False,56.0,122193.0,1.0,False,False
I1,R227,flogo,TIBCOSoftware/flogo,https://github.com/TIBCOSoftware/flogo,NO,,"IIoT, Efficient AI, Real Time Data Processing",Infrastructure,Lightweight Event-Driven Integration,Interface Capability,Edge,Cross-Platform & Serverless Deployment,Supporting Capabilities,Edge/Fog/Cloud,Embedded AI/ML Inference in Flows,Supporting Capabilities,Edge,edge â†” Cloud,edge iot,2442.0,"Project Flogo is an open source ecosystem of opinionated  event-driven capabilities to simplify building efficient & modern serverless functions, microservices & edge apps.",CSS,2024-04-24T18:42:04Z,1.0,432,40.0,False,False,288.0,34005.0,1.0,False,False
I1,R235,saf,TRUMPF-IoT/saf,https://github.com/TRUMPF-IoT/saf,YES,https://github.com/TRUMPF-IoT/saf/tree/master/docs,IIoT,Infrastructure,Semantic IoT Process Automation,Supporting capability,Cross-cutting,Dynamic Orchestration & Service Composition,Supporting Capabilities,Edge/Fog,Protocol Interoperability for Industrial IoT,Interface Capability,Device/Edge,device â†” fog,edge iot,12.0,Smart Application Framework (SAF) is a .NET based framework for building distributed applications across cloud and edge.,C#,2025-01-07T16:33:21Z,21.0,375,5.0,False,False,1.0,1122.0,1.0,False,False
I2,R238,edge-infer,unit-mesh/edge-infer,https://github.com/unit-mesh/edge-infer,Partially,https://github.com/unit-mesh/edge-infer/blob/master/docs/edge-mind.svg,Smart manufacturing,Infrastructure,Lightweight Edge Model Inference,Data Capabilities,Device/Edge,Cross-Platform Runtime Support,Supporting Capabilities,Edge/Fog,Configurable Inference Pipeline,Supporting Capabilities,Edge/Fog,device â†” fog,edge ai,39.0,"EdgeInfer enables efficient edge intelligence by running small AI models, including embeddings and OnnxModels, on resource-constrained devices like Android, iOS, or MCUs for real-time decision-making. EdgeInfer æ—¨åœ¨èµ„æºå—é™çš„è®¾å¤‡ä¸Šè¿è¡Œå°åž‹ AI æ¨¡åž‹ï¼ˆåŒ…æ‹¬å‘é‡åŒ–å’Œ Onnx æ¨¡åž‹ï¼‰ï¼Œå¦‚ Androidã€iOS æˆ– MCUsï¼Œå®žçŽ°é«˜æ•ˆçš„è¾¹ç¼˜æ™ºèƒ½ï¼Œç”¨äºŽå®žæ—¶å†³ç­–ã€‚",Rust,2024-04-17T09:23:00Z,11.0,121,3.0,False,False,2.0,280.0,1.0,False,False
I1,R241,WasmEdge,WasmEdge/WasmEdge,https://github.com/WasmEdge/WasmEdge,Partially,https://github.com/WasmEdge/WasmEdge/blob/master/docs/architecture.png,Efficient AI,Infrastructure,Lightweight & Secure Application Runtime,Supporting Capabilities,Device/Edge,AI/ML Inference in WASM Modules,Supporting Capabilities,Edge/Fog,Cloud-Native & Edge Integration,Supporting Capabilities,Fog/Cloud ,Continuum,edge-iot,8754.0,"WasmEdge is a lightweight, high-performance, and extensible WebAssembly runtime for cloud native, edge, and decentralized applications. It powers serverless apps, embedded functions, microservices, smart contracts, and IoT devices.",C++,2025-01-19T23:06:04Z,777.0,3.819,100.0,False,False,787.0,24641.0,1.0,False,False
I2,R242,self,watson-intu/self,https://github.com/watson-intu/self,YES,https://github.com/watson-intu/self-docs/blob/94f376527082cfd25c225b2f99a5304d6955576f/faqs/architecture/architecture.md,Robotic,Infrastructure,Multimodal Perception & Cognitive Integration,Supporting Capabilities,Device/Edge,Distributed Agent-Oriented Orchestration,Supporting Capabilities,Edge/Fog,Extensible Hybrid Edgeâ€“Cloud AI Integration,Supporting Capabilities,Cross-cutting,device â†” fog,edge-ai,29.0,Intu is a Cognitive Embodiment Middleware for AI on the edge.,C++,2024-11-29T18:47:35Z,2.0,66,8.0,False,False,27.0,160108.0,1.0,False,False
I2,R247,Vitis-AI,Xilinx/Vitis-AI,https://github.com/Xilinx/Vitis-AI,YES,https://xilinx.github.io/Vitis-AI/3.5/html/docs/workflow.html?highlight=architecture,Efficient AI,Infrastructure,Model Compilation & FPGA Acceleration,Supporting Capabilities,Device/Edge,End-to-End AI Deployment Stack,Supporting Capabilities,Fog/Cloud/Edge,Hardware-Optimized Edge AI Runtime,Supporting Capabilities,Cross-cutting,Continuum,edge ai,1526.0,"Vitis AI is Xilinxâ€™s development stack for AI inference on Xilinx hardware platforms, including both edge devices and Alveo cards.",Python,2024-09-12T07:20:12Z,3.0,1.253,34.0,False,False,640.0,2361712.0,1.0,False,False
I1,R251,yomo,yomorun/yomo,https://github.com/yomorun/yomo,Partially,https://github.com/yomorun/yomo/blob/master/docs/public/yomo-flow-arch.jpg,"Real Time Data Processing, Data streaming processing",Infrastructure,Low-Latency Edge Stream Processing,Data Capabilities,Edge,WASM-Based Modular Execution,Supporting Capabilities,Cross-cutting,AI-Enabled Real-Time Decision Making,Supporting Capabilities,Edge/Fog,edge â†” fog,edge ai,1694.0,"ðŸ¦– Stateful Serverless Framework for Geo-distributed Edge AI Infra. with function calling support, write once, run on any model.",Go,2025-01-19T03:38:40Z,141.0,602,18.0,False,False,129.0,68921.0,1.0,False,False
I1,R254,kantv,zhouwg/kantv,https://github.com/zhouwg/kantv,Partially,https://github.com/zhouwg/kantv/tree/master?tab=readme-ov-file#software-architecture-of-kantv-android,Smart Environment,System,Cross-Platform Media Processing,Supporting Capabilities,Device/Edge,Hardware-Accelerated Video Decoding,Supporting Capabilities,Cross-cutting,Multi-Protocol Streaming & Playback,Interface Capability,Device/Edge,edge â†” fog,edge-ai,136.0,"workbench for learing&practising AI tech in real scenario on Android device, powered by GGML(Georgi Gerganov Machine Learning) and NCNN(Tencent NCNN) and FFmpeg",C++,2024-06-17T13:39:23Z,287.0,2.986,41.0,False,False,20.0,1102570.0,1.0,False,False
I2,R257,ztachip,ztachip/ztachip,https://github.com/ztachip/ztachip,Partially,https://github.com/ztachip/ztachip/blob/master/Documentation/SoftwareDesign.md,Computer Vision,Infrastructure,Custom Edge AI Hardware Acceleration,Supporting Capabilities,Device/Edge,SDK & Runtime for Edge AI Applications,Supporting Capabilities,Edge,Real-Time Vision & ML Inference,Supporting Capabilities,Device/Edge,device â†” edge,edge ai,239.0,Opensource software/hardware platform to build edge AI solutions deployed on FPGA or custom ASIC hardware.,C++,2024-08-21T03:06:22Z,63.0,413,2.0,False,False,34.0,173338.0,1.0,False,False
I2,R258,auritus,nesl/auritus,https://github.com/nesl/auritus,YES,https://github.com/nesl/auritus/blob/main/README.md#framework-architecture,"Audio Analisys, Healthcare",Infrastructure,Model Optimization for Earable Edge,Supporting Capabilities,Edge,Hardware-Aware Model Compactness,Supporting Capabilities,Device/Edge,Extendability & Custom Pipeline,Data Capabilities,Cross-cutting,device â†” edge,tinyml,20,Auritus: An Open-Source Optimization Toolkit for Training and Development of Human Movement Models and Filters Using Earables,C++,2024-09-17T06:56:53Z,2,61,0.0,False,False,0,145361,1.0,False,False
I2,R259,open-horizon,motion-ai/open-horizon,https://github.com/motion-ai/open-horizon,Partially,https://github.com/motion-ai/open-horizon/blob/master/docs/PATTERN.md,"Orchestration, Computer Vision",Infrastructure,Autonomous Policy-Based Workload Orchestration,Supporting Capabilities,Fog/Cloud/Edge,Resilient Offline Edge Operation,Supporting Capabilities,Edge,Secure Lifecycle Management for Edge Services,Supporting Capabilities,Cross-cutting,edge â†” Cloud,,,,,,,,,,,,,,,
I1,R261,smart-social-distancing,galliot-us/smart-social-distancing,https://github.com/galliot-us/smart-social-distancing,YES,https://galliot.us/blog/smart-social-distancing-new-codebase-architecture/,Computer Vision,System,Edge-Based Real-Time Social Distancing Analytics,Supporting Capabilities,Edge,Multi-Hardware AI Acceleration,Supporting Capabilities,Edge,Event-Driven Notification & Data Integration,Supporting Capabilities,Cross-Cutting,Continuum,edge-ai,140,"Social Distancing Detector using deep learning and capable to run on edge AI devices such as NVIDIA Jetson, Google Coral, and more.",Python,,0,633,20,False,False,39,,1,False,False