repo_id,repo_name,Included,full_repo_name,url,criteria,arch_overview,diagrams,adrs,context,deployment,quality_attrs,interface,evaluation,stakeholders,sa_doc,layer_caps,capability_1,iso_mapping_cap_1,layer_cap_1,capability_2,iso_mapping_cap_2,layer_cap_2,capability_3,iso_mapping_cap_3,layer_cap_3,domain,architectural_layer,Application Type,sa_doc_link,search_term,stars,desc.,lang,last_commit,commits_2024,total_commits,collaborators,template,fork,forks,size,score,archived,disabled
R003,supermq,Yes,absmach/supermq,https://github.com/absmach/supermq,I3,‚Ä¢,‚Ä¢,,,‚Ä¢,,‚Ä¢,,,YES,Continuum,Multi-Protocol IoT Messaging Broker,Interface Capability,Device/Edge,Identity & Access Management for IoT,Supporting Capabilities,Cross-cutting,Scalable Microservices Architecture for IoT,Supporting Capabilities,Fog/Cloud ,"Data streaming processing, Smart Environment",Infrastructure/Platform,Platform,https://docs.magistrala.abstractmachines.fr/architecture,edge iot,2489.0,Event-driven Infrastructure for Modern Cloud,Go,2025-01-20T08:22:15Z,373.0,1.811,70.0,False,False,672.0,147242.0,1.0,False,False
R009,zilla,Yes,aklivity/zilla,https://github.com/aklivity/zilla,I3,‚Ä¢,‚Ä¢,,‚Ä¢,‚Ä¢,,‚Ä¢,,,YES,Continuum,Event-Driven API Gateway for IoT/Edge,Interface Capability,Edge/Fog,Multi-Protocol Event Streaming Integration,Interface Capability,Edge/Fog/Cloud,Low-Latency Edge Data Proxying,Data Capabilities,Cross-cutting,Data streaming processing,Infrastructure/Platform,Platform,https://docs.aklivity.io/zilla/latest/concepts/what-is-zilla.html#who-zilla-is-for,edge-iot,563.0,"ü¶é A multi-protocol edge & service proxy. Seamlessly interface web apps, IoT clients, & microservices to Apache Kafka¬Æ via declaratively defined, stateless APIs.",Java,2025-01-12T23:14:21Z,682.0,2.184,18.0,False,False,55.0,30050.0,1.0,False,False
R013,heartkit,Yes,AmbiqAI/heartkit,https://github.com/AmbiqAI/heartkit,I2,,‚Ä¢,,‚Ä¢,‚Ä¢,,,,,Partially,device ‚Üî fog,On-Device Biomedical Signal Inference,Supporting Capabilities,Device/Edge,Low-Power AI Optimization,Supporting Capabilities,Cross-cutting,Health Data Preprocessing & Model Lifecycle,Supporting Capabilities,Edge/Fog,"Healthcare,  medical IoT, Real Time Data Processing",Infrastructure/Platform,Full System,https://github.com/AmbiqAI/heartkit/blob/main/docs/assets/guides/heartkit-architecture.svg,tinyml,21.0,Perform AI-based heart monitoring tasks,Jupyter Notebook,2024-10-10T21:46:36Z,43.0,195,1.0,False,False,7.0,39767.0,1.0,False,False
R016,ai8x-synthesis,No,analogdevicesinc/ai8x-synthesis,https://github.com/analogdevicesinc/ai8x-synthesis,I2,‚Ä¢,‚Ä¢,,,‚Ä¢,,,‚Ä¢,,Partially,device ‚Üî fog,Model Quantization & Synthesis,Supporting Capabilities,Edge,Edge Hardware Optimization,Supporting Capabilities,Device,Toolchain Integration & Automation,Supporting Capabilities,Cross-cutting,"Industrial IoT, Efficient AI",Infrastructure/Platform,Platform/framework,https://github.com/analogdevicesinc/ai8x-synthesis?tab=readme-ov-file#overview,edge ai,59.0,Quantization and Synthesis (Device Specific Code Generation) for ADI's MAX78000 and MAX78002 Edge AI Devices,Python,2024-12-06T14:24:53Z,35.0,305,14.0,False,False,60.0,677035.0,1.0,False,False
R017,ai8x-training,No,analogdevicesinc/ai8x-training,https://github.com/analogdevicesinc/ai8x-training,I2,‚Ä¢,‚Ä¢,,,‚Ä¢,,,‚Ä¢,,Partially,device ‚Üî fog,Model Training & Preparation,Supporting Capabilities,Fog/Edge,Hardware-Aware Model Constraint Handling,Supporting Capabilities,Device,AutoML / Training Workflow Integration,Supporting Capabilities,Fog/Edge,"Computer Vision, Industrial IoT, IoT",Infrastructure/Platform,Platform/framework,https://github.com/analogdevicesinc/ai8x-training?tab=readme-ov-file#overview,edge ai,95.0,Model Training for ADI's MAX78000 and MAX78002 Edge AI Devices,Jupyter Notebook,2025-01-14T00:04:03Z,45.0,243,13.0,False,False,91.0,231469.0,1.0,False,False
R018,MaximAI_Documentation,No,analogdevicesinc/MaximAI_Documentation,https://github.com/analogdevicesinc/MaximAI_Documentation,I2,,‚Ä¢,,‚Ä¢,,,,,,Partially,device ‚Üî fog,TinyML Deployment for Resource-Constrained MCUs,Supporting Capabilities,Device,"Model Training, Quantization & Synthesis Workflow",Supporting Capabilities,Fog/Edge,Domain-Specific Edge AI (Vision & Speech),Supporting Capabilities,Cross-cutting,Computer Vision,Infrastructure/Platform,Platform,https://www.analog.com/en/resources/technical-articles/face-identification-using-max78000.html,edge ai,101.0,START HERE: Documentation for ADI's MAX78000 and MAX78002 Edge AI devices,,2024-05-13T16:18:32Z,5.0,111,13.0,False,False,44.0,276610.0,1.0,False,False
R022,aws-iot-fleetwise-edge,Yes,aws/aws-iot-fleetwise-edge,https://github.com/aws/aws-iot-fleetwise-edge,I1,‚Ä¢,‚Ä¢,,,‚Ä¢,‚Ä¢,‚Ä¢,,,YES,Edge ‚Üî fog,Intelligent Data Collection & Remote Commands,Data Capabilities,Edge/Fog,Store-and-Forward with Edge Buffering,Data Capabilities,Edge,Secure MQTT Communication,Interface Capability,Cross-cutting,"Autonomous Systems, Smart Environment",Infrastructure/Platform,Platform,https://github.com/aws/aws-iot-fleetwise-edge?tab=readme-ov-file#aws-iot-fleetwise-architecture,edge-iot,63.0,Reference Implementation for AWS IoT FleetWise,C++,2025-01-15T14:50:35Z,25.0,92,15.0,False,False,45.0,5039.0,1.0,False,False
R023,dem,Yes,axem-solutions/dem,https://github.com/axem-solutions/dem,I2,‚Ä¢,‚Ä¢,,,‚Ä¢,,‚Ä¢,,,YES,Edge ‚Üî fog,Declarative DevEnv Orchestration,Supporting Capabilities,Fog/Cloud,Template & Registry Integration,Supporting Capabilities,Cross-cutting,Portable Containerized Tooling,Supporting Capabilities,Cross-cutting,"IIoT, Real-time data streaming",Infrastructure/Platform,Subsystem,https://github.com/axem-solutions/dem/blob/main/docs/design.md,edge iot,101.0,Containerized Development Environment Manager for embedded development,Python,2025-01-17T17:02:10Z,69.0,495,9.0,False,False,15.0,7597.0,1.0,False,False
R024,azure-iot-edge-identity-translation-lite,Yes,Azure-Samples/azure-iot-edge-identity-translation-lite,https://github.com/Azure-Samples/azure-iot-edge-identity-translation-lite,I2,‚Ä¢,‚Ä¢,,,‚Ä¢,,‚Ä¢,,,YES,Continuum,Identity Translation Gateway,Interface Capability,Fog,Protocol Translation Fabrica√ß√£o,Interface Capability,Device/Fog,Dynamic Device Provisioning (Cloud),Supporting Capabilities,Fog/Cloud,IIoT,Infrastructure/Platform,Platform,https://github.com/Azure/arc_jumpstart_docs,edge-iot,22.0,Azure IoT Edge Identity Translation Module sample.,C#,2024-04-22T07:26:46Z,1.0,74,12.0,False,False,22.0,769.0,1.0,False,False
R025,edge-aio-in-a-box,Yes,Azure-Samples/edge-aio-in-a-box,https://github.com/Azure-Samples/edge-aio-in-a-box,I1,‚Ä¢,‚Ä¢,,,‚Ä¢,,‚Ä¢,,,Partially,Continuum,Automated Azure Edge Provisioning,Supporting Capabilities,Fog/Cloud,Edge AI Model Lifecycle Management,Supporting Capabilities,Fog/Edge,Interactive Edge Testing & Inference,Supporting Capabilities,Edge/Fog,"IIoT, Smart Environments",Infrastructure/Platform,Framework,https://github.com/Azure-Samples/edge-aio-in-a-box/tree/main?tab=readme-ov-file#architecture,edge-ai,13.0,Azure IoT Operations with Edge AI in-a-Box,Jupyter Notebook,2024-11-12T20:03:08Z,150.0,150,3.0,False,False,4.0,26771.0,1.0,False,False
R028,AI-in-a-Box,No,Azure/AI-in-a-Box,https://github.com/Azure/AI-in-a-Box,I1,‚Ä¢,‚Ä¢,,,‚Ä¢,,,,,YES,fog ‚Üî cloud,Deployment Acceleration,Supporting Capabilities,Cloud/Fog,Responsible AI / Security,Supporting Capabilities,cross-cutting,Scalability,Supporting Capabilities,Cloud/Fog,"IIoT, Smart Environments, Healthcare",Infrastructure/Platform,Framework,https://github.com/Azure/AI-in-a-Box/blob/main/media/images/edgeai-customvision-architecture.png,edge-ai,552.0,AI-in-a-Box leverages the expertise of Microsoft across the globe to develop and provide AI and ML solutions to the technical community.  Our intent is to present a curated collection of solution accelerators that can help engineers establish their AI/ML environments and solutions rapidly and with minimal friction.,Jupyter Notebook,2024-12-12T17:15:34Z,224.0,366,16.0,False,False,189.0,29055.0,1.0,False,False
R029,azure-iotedge,Yes,Azure/azure-iotedge,https://github.com/Azure/azure-iotedge,I2,‚Ä¢,‚Ä¢,,,‚Ä¢,,,,,Partially,device ‚Üî fog,Edge Module Orchestration & Runtime Management,Supporting Capabilities,Edge/Fog,Local Communication & Store-and-Forward Routing,Data Capabilities,Device/Edge,Secure Identity & Runtime Integrity,Supporting Capabilities,Cross-cutting,"Smart Environment, IIoT, Efficient AI, Autonomous Systems",Infrastructure/Platform,Platform,https://learn.microsoft.com/pt-br/azure/iot-edge/,edge-iot,170.0,The Azure IoT Edge product,PowerShell,2024-11-13T19:42:52Z,57.0,219,18.0,False,False,43.0,212.0,1.0,False,False
R031,iotedge,Yes,Azure/iotedge,https://github.com/Azure/iotedge,I2,,‚Ä¢,,,‚Ä¢,‚Ä¢,‚Ä¢,‚Ä¢,,YES,Continuum,Containerized Workload Orchestration,Supporting Capabilities,Edge,Local Secure Communication & Store-and-Forward,Data Capabilities,Device/Edge,Cloud-Integrated Device Management,Supporting Capabilities,Fog/Cloud ,"IIoT, Smart Environments, Computer Vision",Infrastructure/Platform,Full System,https://learn.microsoft.com/pt-br/azure/iot-edge/iot-edge-runtime,edge-iot,1472.0,The IoT Edge OSS project,C#,2025-01-17T01:04:54Z,135.0,4.241,92.0,False,False,462.0,43348.0,1.0,False,False
R032,iotedge-eflow,Yes,Azure/iotedge-eflow,https://github.com/Azure/iotedge-eflow,I2,,,,,‚Ä¢,,,,,YES,Continuum,Cross-Platform Edge Runtime Hosting,Supporting Capabilities,Edge/Fog,Containerized Workload Execution & Management,Supporting Capabilities,Edge,Cloud-Integrated Device Orchestration,Supporting Capabilities,Fog/Cloud ,"IIoT, Industry 4.0",Infrastructure/Platform,Platform,https://learn.microsoft.com/pt-br/azure/iot-edge/iot-edge-for-linux-on-windows,edge-iot,51.0,Azure IoT Edge for Linux on Windows,PowerShell,2024-11-26T21:13:54Z,1.0,505,8.0,False,False,29.0,54935.0,1.0,False,False
R033,iotedge-lorawan-starterkit,Yes,Azure/iotedge-lorawan-starterkit,https://github.com/Azure/iotedge-lorawan-starterkit,I2,‚Ä¢,‚Ä¢,,,‚Ä¢,,,,,YES,Continuum,Protocol Translation Gateway,Interface Capability,Device/Edge,Edge Network Server for LoRaWAN,Interface Capability,Edge,Cloud-Integrated Device & Data Management,Supporting Capabilities,Fog/Cloud ,"IIoT, Smart Environments",Infrastructure/Platform,Framework,https://azure.github.io/iotedge-lorawan-starterkit/2.2.1/user-guide/architecture/?h=archi,edge-iot,185.0,Sample implementation of LoRaWAN components to connect LoRaWAN antenna gateway running IoT Edge directly with Azure IoT.,C#,2024-05-30T13:04:45Z,0.0,1.074,34.0,False,False,63.0,35444.0,1.0,False,False
R035,KAN,Yes,Azure/KAN,https://github.com/Azure/KAN,I2,‚Ä¢,‚Ä¢,,,‚Ä¢,‚Ä¢,‚Ä¢,,,YES,Continuum,Efficient Model Training & Inference,Supporting Capabilities,Edge/Fog/Cloud,Explainable & Interpretable AI Models,Supporting Capabilities,Cross-cutting,Cross-Domain Deployment Flexibility,Supporting Capabilities,Device/Edge,"Federated Learning, Efficient AI",Infrastructure/Platform,Platform,https://github.com/Azure/KAN?tab=readme-ov-file#how-it-works,edge ai,77.0,"KubeAI Application Nucleus for edge is a solution accelerator for creating, deploying, and operating environment-aware solutions at scale that use artificial intelligence (AI) at the edge with the control and flexibility of open-source natively on your environment. ",TypeScript,2024-05-15T08:00:06Z,80.0,165,8.0,False,False,22.0,67854.0,1.0,False,False
R037,baetyl,Yes,baetyl/baetyl,https://github.com/baetyl/baetyl,I1,‚Ä¢,‚Ä¢,,,‚Ä¢,,‚Ä¢,,,YES,Continuum,Edge-Cloud Declarative Orchestration,Supporting Capabilities,Fog/Cloud,Modular Edge Runtime & OTA Management,Supporting Capabilities,Edge/Fog,Lightweight Messaging Middleware,Interface Capability,Device/Edge,"IIoT, Smart Environments, Efficient AI",Infrastructure/Platform,Framework,https://baetyl.readthedocs.io/en/1.0.0/overview/Design.html,edge iot,1879.0,"Extend cloud computing, data and service seamlessly to edge devices.",Go,2024-05-11T06:12:43Z,0.0,1.259,26.0,False,False,323.0,106376.0,1.0,False,False
R040,Olares,Yes,beclab/Olares,https://github.com/beclab/Olares,I2,‚Ä¢,‚Ä¢,,‚Ä¢,‚Ä¢,‚Ä¢,,‚Ä¢,‚Ä¢,YES,device ‚Üî fog,Local-First AI Application Hosting,Supporting Capabilities,Device/Edge,Decentralized AI App Marketplace,Supporting Capabilities,Cross-cutting,Application Orchestration & Management at Edge,Supporting Capabilities,Edge/Fog,Orchestration,Infrastructure/Platform,Framework,https://docs.olares.xyz/manual/system-architecture.html,edge-ai,1709.0,Olares: An Open-Source Sovereign Cloud OS for Local AI,Shell,2025-01-19T18:44:56Z,769.0,816,18.0,False,False,59.0,3627.0,1.0,False,False
R047,JAMScript,Yes,citelab/JAMScript,https://github.com/citelab/JAMScript,I2,‚Ä¢,,,,,‚Ä¢,‚Ä¢,,,Partially,device ‚Üî fog,Unified Programming Model,Supporting Capabilities,Cross-cutting,Reactive Runtime & Hierarchical Orchestration,Supporting Capabilities,Fog/Edge,Distributed Device Collaboration,Interface Capability,Device/Edge,Mobile IoT,Infrastructure/Platform,Platform,https://github.com/citelab/JAMScript/blob/master/lib/jside/docs/diagrams.pdf,edge-iot,31.0,A programming language for cloud of moving things (edge-based IoT),C,2024-09-13T06:59:44Z,9.0,2.593,20.0,False,False,19.0,58313.0,1.0,False,False
R048,FogBus2,No,Cloudslab/FogBus2,https://github.com/Cloudslab/FogBus2,I1,,‚Ä¢,,,‚Ä¢,‚Ä¢,,,,Partially,edge ‚Üî Cloud,Integrated Fog-Cloud Resource Orchestration,Supporting Capabilities,Fog/Cloud,Secure Data Management & Authentication,Supporting Capabilities,Cross-cutting,QoS-aware Task Scheduling & Monitoring,Supporting Capabilities,Edge/Fog,"Orchestration, Smart Environments, Efficient AI",Infrastructure/Platform,Platform/framework,https://github.com/Cloudslab/FogBus2?tab=readme-ov-file#sample-environment-architecture,edge-iot,25.0,FogBus2: A Lightweight and Distributed Container-based Framework for Integration of IoT-enabled Systems with Edge and Cloud Computing,Python,2024-09-03T09:17:50Z,0.0,471,2.0,False,False,10.0,27933.0,1.0,False,False
R061,kura,Yes,eclipse-kura/kura,https://github.com/eclipse-kura/kura,I1,‚Ä¢,‚Ä¢,,,‚Ä¢,,‚Ä¢,‚Ä¢,,Partially,Continuum,Edge Gateway Device & Network Management,Supporting Capabilities,Device/Edge,"Data Collection, Buffering & Filtering",Data Capabilities,Edge,Cloud Connectivity & Remote Lifecycle Management,Supporting Capabilities,Fog/Cloud ,IIoT,Infrastructure/Platform,Platform,http://eclipse-kura.github.io/kura/docs-release-5.6/cloud-platform/kura-sparkplug/,edge-iot,513.0,"Eclipse Kura‚Ñ¢ is a versatile framework to supercharge your edge devices, streamlining the process of configuring your gateway, connecting sensors, and IoT devices to seamlessly collect, process, and send data to the cloud.",Java,2025-01-18T09:21:42Z,212.0,6.039,59.0,False,False,314.0,406204.0,1.0,False,False
R063,edgehog,Yes,edgehog-device-manager/edgehog,https://github.com/edgehog-device-manager/edgehog,I2,‚Ä¢,‚Ä¢,,,‚Ä¢,,‚Ä¢,,,YES,Continuum,OTA Lifecycle & Fleet Control,Supporting Capabilities,Fog/Cloud,Remote Docker Application Management,Supporting Capabilities,Edge,Dynamic Fleet Grouping & Geolocation,Supporting Capabilities,Cross-cutting,Orchestration,Infrastructure/Platform,Framework,http://docs.edgehog.io/0.9/overview.html,edge iot,35.0,"Easily manage your IoT device fleet with Edgehog at once. Get information on device status, deploy updates, geolocate your devices and much more!",Elixir,2025-01-15T13:12:47Z,512.0,1.639,15.0,False,False,22.0,8234.0,1.0,False,False
R082,edgen,No,edgenai/edgen,https://github.com/edgenai/edgen,I1,‚Ä¢,‚Ä¢,,,‚Ä¢,,‚Ä¢,,,Partially,device ‚Üî fog,Local Modular GenAI Serving,Supporting Capabilities,Edge/Device,Hardware-Adaptive Inference Optimization,Supporting Capabilities,Cross-cutting (Edge/Fog),Cross-Platform Native Deployment,Supporting Capabilities,Fog/Edge,Efficient AI,Infrastructure/Platform,Framework,https://github.com/edgenai/edgen/blob/main/docs/assets/edgen_architecture_overview.svg,edge ai,344.0,"‚ö°  Edgen: Local, private GenAI server alternative to OpenAI. No GPU required. Run AI models locally: LLMs (Llama2, Mistral, Mixtral...), Speech-to-text (whisper) and many others.",Rust,2024-05-23T14:21:38Z,315.0,315,7.0,False,False,16.0,2481.0,1.0,False,False
R083,shifu,Yes,Edgenesis/shifu,https://github.com/Edgenesis/shifu,I2,‚Ä¢,‚Ä¢,,,‚Ä¢,,,,‚Ä¢,YES,Continuum,Device Virtualization & Digital Twin,Interface Capability,Device/Edge,Protocol Interoperability & Integration,Interface Capability,Edge/Fog,Kubernetes-Native Orchestration of IoT Devices,Supporting Capabilities,Fog/Cloud ,Orchestration,Infrastructure/Platform,Framework,https://shifu.dev/docs/references/architecture/,edge iot,1304.0,Kubernetes-native IoT gateway,Go,2025-01-20T09:33:43Z,149.0,641,39.0,False,False,121.0,50368.0,1.0,False,False
R084,evio,Yes,EdgeVPNio/evio,https://github.com/EdgeVPNio/evio,I3,‚Ä¢,‚Ä¢,,,‚Ä¢,,‚Ä¢,,,YES,edge ‚Üî fog,Virtualized Overlay Networking,Interface Capability,Fog/Cloud,Decentralized SDN Control & Peer Discovery,Interface Capability,Fog/Edge,Secure Peer-to-Peer Tunneling,Interface Capability,Cross-cutting,IIoT,Infrastructure/Platform,Platform,https://edgevpn.io/architecture/,edge-iot,44.0,"Virtualized overlay networking for the fog. The Evio network spans the continuum, from the cloud to the edge, providing a virtual private layer 2 network suitable for edge devices in IoT workloads.",Python,2024-08-26T19:53:45Z,32.0,190,6.0,False,False,15.0,2080.0,1.0,False,False
R093,fabedge,Yes,FabEdge/fabedge,https://github.com/FabEdge/fabedge,I2,‚Ä¢,‚Ä¢,,,‚Ä¢,,‚Ä¢,,,YES,edge ‚Üî fog,Secure Cloud-Edge & Edge-Edge Overlay Networking,Interface Capability,Fog/Cloud,Automatic Configuration & Topology-Aware Discovery,Supporting Capabilities,Edge/Fog,Kubernetes-Native Multi-Cluster Orchestration,Supporting Capabilities,Fog/Edge,IIoT,Infrastructure/Platform,Platform,https://github.com/FabEdge/fabedge?tab=readme-ov-file#how-it-works,edge iot,523.0,Secure Edge Networking Solution Based On Kubernetes,Go,2025-01-11T01:27:42Z,7.0,835,17.0,False,False,57.0,5337.0,1.0,False,False
R095,fledge,Yes,fledge-iot/fledge,https://github.com/fledge-iot/fledge,I2,‚Ä¢,‚Ä¢,,,‚Ä¢,‚Ä¢,,,,YES,device ‚Üî fog,Edge Data Ingestion & Preprocessing,Data Capabilities,Edge,Plugin-based Northbound/Southbound Connectivity,Interface Capability,Device/Edge/Fog,Edge Analytics & Closed-Loop Control,Data Capabilities,Edge,IIoT,Infrastructure/Platform,Platform,https://github.com/fledge-iot/fledge/blob/develop/docs/fledge_architecture.rst,edge iot,127.0,"An open source platform for the Industrial Internet of Things, it acts as an edge gateway between sensor devices and cloud storage systems.",Python,2025-01-17T12:43:43Z,608.0,11.824,42.0,False,False,50.0,44971.0,1.0,False,False
R098,trusted-connector,Yes,Fraunhofer-AISEC/trusted-connector,https://github.com/Fraunhofer-AISEC/trusted-connector,I3,‚Ä¢,‚Ä¢,,,‚Ä¢,,‚Ä¢,,,YES,edge ‚Üî Cloud,Secure Data Exchange Gateway,Interface Capability,Fog/Cloud/Edge,Data Sovereignty & Policy Enforcement,Supporting Capabilities,Cross-cutting,Trusted Execution & Compliance Integration,Supporting Capabilities,Fog/Cloud ,IIoT,Infrastructure/Platform,Platform,https://industrial-data-space.github.io/trusted-connector-documentation/docs/overview/,edge-iot,48.0,"IoT edge platform ""Trusted Connector"" of the International Data Spaces. Based on Spring Boot, includes Camel message routing, a Camel component for IDSCP2 (including remote attestation with other connectors) and a management web UI.",Kotlin,2024-08-31T15:15:08Z,32.0,2.263,14.0,False,False,45.0,114526.0,1.0,False,False
R116,inngest,Yes,inngest/inngest,https://github.com/inngest/inngest,I2,‚Ä¢,‚Ä¢,,‚Ä¢,‚Ä¢,‚Ä¢,‚Ä¢,,,YES,fog ‚Üî cloud,Event-Driven Orchestration,Supporting Capabilities,Fog/Cloud,Resilient Task Scheduling & State Management,Supporting Capabilities,Edge,Cross-Environment Portability,Supporting Capabilities,Cross-cutting,"Data streaming processing, Real Time Data Processing",Infrastructure/Platform,Full System,https://www.inngest.com/docs/self-hosting#inngest-system-architecture,edge-ai,2356.0,"The leading workflow orchestration platform.  Run stateful step functions and AI workflows on serverless, servers, or the edge.",Go,2025-01-17T23:31:55Z,1097.0,4.174,24.0,False,False,91.0,325678.0,1.0,False,False
R120,AiCSD,Yes,intel/AiCSD,https://github.com/intel/AiCSD,I2,‚Ä¢,‚Ä¢,,,‚Ä¢,,‚Ä¢,,,YES,edge ‚Üî fog,Edge Data Pipeline & Processing,Data Capabilities,Edge/Fog,Monitoring & Log Analytics,Supporting Capabilities,Cross-cutting,Secure Coordination & Communication,Supporting Capabilities,Cross-cutting,"Computer Vision, IIoT, Orchestration",Infrastructure/Platform,Full System,https://intel.github.io/AiCSD/index.html#ai-connect-for-scientific-data-aicsd,edge-ai,17.0,"AI Connect for Scientific Data (AiCSD) is a new solution for using AI to connect data from scientific instruments to applicable AI pipelines and run workloads at the edge. This repository contains EdgeX Foundry based microservices to automatically detect, manage, and process OEM images with OpenVINO.",Go,2025-01-03T19:40:54Z,38.0,78,9.0,False,False,13.0,30826.0,1.0,False,False
R121,compage,No,intelops/compage,https://github.com/intelops/compage,I1,‚Ä¢,‚Ä¢,,,‚Ä¢,,‚Ä¢,,,Partially,fog ‚Üî cloud,Low-Code Cloud-to-Edge App Generation,Supporting Capabilities,Fog/Cloud,Supply Chain Security & SBOM Automation,Supporting Capabilities,Cross-cutting,Multi-Platform Orchestration & Deployment,Supporting Capabilities,Fog/Cloud,Others,Infrastructure/Platform,Full System,https://github.com/intelops/compage/tree/main/images,edge-iot,83.0,"Compage - Low-Code Framework to develop Rest API, gRPC, dRPC, GraphQL, WebAssembly, microservices, FaaS, Temporal workloads, IoT and edge services, K8s controllers, K8s CRDs, K8s custom APIs, K8s Operators, K8s hooks, etc. with minimal coding and by automatically applying best practice methods like software supply chain security measures, SBOM, openAPI, cloudevents, etc. Auto generate code after defining requirements in UI as diagram.",Go,2024-08-09T19:09:32Z,43.0,976,7.0,False,False,21.0,29436.0,1.0,False,False
R124,BirdsEye,No,IQTLabs/BirdsEye,https://github.com/IQTLabs/BirdsEye,I1,‚Ä¢,,,,‚Ä¢,,,‚Ä¢,,Partially,edge ‚Üî fog,Lightweight RL-based RF Localization,Supporting Capabilities,Edge,Compute-Efficient Training & Inference,Supporting Capabilities,Edge,Simulation-Driven Edge Modeling,Supporting Capabilities,Edge/Fog,Computer Vision,System,Platform,https://github.com/IQTLabs/BirdsEye/blob/main/docs/classes_BirdsEye.png,edge-ai,42.0,"The BirdsEye RL/RF project enables localization of mobile radio frequency targets, e.g., drones operators, via commericial off-the-shelf sensors.",Jupyter Notebook,2025-01-19T01:32:15Z,292.0,1.498,11.0,False,False,16.0,418686.0,1.0,False,False
R130,AI-on-the-edge-device,Yes,jomjol/AI-on-the-edge-device,https://github.com/jomjol/AI-on-the-edge-device,I1,‚Ä¢,,,,‚Ä¢,,‚Ä¢,,,Partially,device ‚Üî fog,Edge Processing,Data capabilities,Edge,Connectivity & Integration,Interface Capability,cross-cutting,Device Management & Updatability,Supporting Capabilities,Fog/Device,Smart Environment,System,Framework,https://jomjol.github.io/AI-on-the-edge-device-docs/,edge ai,6266.0,"Easy to use device for connecting ""old"" measuring units (water, power, gas, ...) to the digital world",C++,2025-01-17T22:16:56Z,266.0,2.026,61.0,False,False,677.0,163077.0,1.0,False,False
R131,AI-on-the-edge-device-docs,No,jomjol/AI-on-the-edge-device-docs,https://github.com/jomjol/AI-on-the-edge-device-docs,I2,‚Ä¢,,,,‚Ä¢,,‚Ä¢,,,Partially,device ‚Üî fog,Edge Processing,Data capabilities,Edge,Connectivity & Integration,Interface Capability,cross-cutting,Device Management & Updatability,Supporting Capabilities,Fog/Device,Smart Environment,System,Framework,https://github.com/jomjol/AI-on-the-edge-device-docs/tree/main/docs,edge ai,84.0,Github for hosting the documentation for the project: https://github.com/jomjol/AI-on-the-edge-device,Python,2025-01-19T01:44:43Z,75.0,401,23.0,False,False,40.0,106847.0,1.0,False,False
R137,keylime,Yes,keylime/keylime,https://github.com/keylime/keylime,I1,‚Ä¢,‚Ä¢,,,‚Ä¢,,,,,YES,Continuum,Remote Attestation & Integrity Verification,Supporting Capabilities,Device/Edge,Secure Provisioning & Key Management,Supporting Capabilities,Fog/Cloud,Cross-Layer Security & Compliance,Supporting Capabilities,Cross-cutting,"Smart Environments, Industry 4.0, Medical IoT",Infrastructure/Platform,Subsystem,https://github.com/keylime/keylime/blob/master/docs/old/keylime-detailed-architecture-v7.pptx,edge-iot,440.0,A CNCF Project to Bootstrap & Maintain Trust on the Edge / Cloud and IoT,Python,2025-01-17T17:31:37Z,191.0,1.964,65.0,False,False,153.0,15813.0,1.0,False,False
R138,kubeedge,Yes,kubeedge/kubeedge,https://github.com/kubeedge/kubeedge,I1,‚Ä¢,‚Ä¢,,,‚Ä¢,‚Ä¢,‚Ä¢,,‚Ä¢,YES,Continuum,Cloud-Edge Application Orchestration,Supporting Capabilities,Fog/Cloud/Edge,Secure Edge Communication & Digital Twin,Supporting Capabilities,Cross-cutting (Edge/Fog/Cloud),IoT Device Integration & Event Routing,Interface Capability,Device/Edge,"Autonomous Systems, Smart Environment, IIoT",Infrastructure/Platform,Subsystem,https://release-1-19.docs.kubeedge.io/docs/category/architecture,edge iot,6903.0,Kubernetes Native Edge Computing Framework (project under CNCF),Go,2025-01-20T07:39:25Z,634.0,5.831,100.0,False,False,1740.0,143846.0,1.0,False,False
R141,edge-home-orchestration-go,Yes,lf-edge/edge-home-orchestration-go,https://github.com/lf-edge/edge-home-orchestration-go,I1,‚Ä¢,‚Ä¢,,,‚Ä¢,,‚Ä¢,,,YES,device ‚Üî fog,Dynamic Service Offloading & Load Balancing,Supporting Capabilities,Edge/Fog,Distributed Device Discovery & Scheduling,Supporting Capabilities,Device/Edge,Container-based Application Deployment,Supporting Capabilities,Edge/Device,Smart Environment,Infrastructure/Platform,Framework,https://github.com/lf-edge/edge-home-orchestration-go/tree/master/docs,edge iot,94.0,Home Edge Project in LF Edge - Edge Orchestration for home edge devices to enabling smart home use cases.,Go,2025-01-06T09:17:12Z,8.0,769,20.0,False,False,51.0,5354.0,1.0,False,False
R142,ekuiper,Yes,lf-edge/ekuiper,https://github.com/lf-edge/ekuiper,I1,‚Ä¢,‚Ä¢,,,‚Ä¢,‚Ä¢,‚Ä¢,,,YES,device ‚Üî fog,Lightweight Stream Processing & Rule Engine,Data Capabilities,Edge,Highly Extensible Connectivity Framework,Interface Capability,Device/Edge,Management Dashboard & API-based Control,Supporting Capabilities,Fog/Edge,"Smart Environment, IIoT, Efficient AI",Infrastructure/Platform,Full System,https://ekuiper.org/docs/en/latest/concepts/ekuiper.html,edge-iot,1519.0,Lightweight data stream processing engine for IoT edge,Go,2025-01-17T10:12:02Z,718.0,3.241,90.0,False,False,418.0,119529.0,1.0,False,False
R143,eve,Yes,lf-edge/eve,https://github.com/lf-edge/eve,I2,‚Ä¢,‚Ä¢,,,‚Ä¢,‚Ä¢,‚Ä¢,,,YES,edge ‚Üî Cloud,Secure Edge Virtualization & Isolation,Supporting Capabilities,Edge,Remote Orchestration & Lifecycle Management,Supporting Capabilities,Fog/Cloud,Zero-Trust Security & Device Integrity,Supporting Capabilities,Cross-cutting,"IIoT, Autonomous Systems",Infrastructure/Platform,Framework,https://github.com/lf-edge/eve/blob/master/docs/APP-CONNECTIVITY.md,edge iot,480.0,EVE is Edge Virtualization Engine ,Go,2025-01-17T17:09:18Z,906.0,11.140,83.0,False,False,164.0,400535.0,1.0,False,False
R148,loxilb,Yes,loxilb-io/loxilb,https://github.com/loxilb-io/loxilb,I2,‚Ä¢,‚Ä¢,,‚Ä¢,‚Ä¢,,‚Ä¢,,‚Ä¢,YES,edge ‚Üî Cloud,High-Performance Edge Load Balancing,Supporting Capabilities,Fog/Cloud,Multi-Cluster & Multi-Tenant Networking,Interface Capability,Fog/Cloud,Security & Resilience (DDoS Protection),Supporting Capabilities,Cross-cutting,"Smart Environment, Orchestration",Infrastructure/Platform,Platform,https://docs.loxilb.io/latest/arch/,edge-iot,1547.0,eBPF based cloud-native load-balancer for Kubernetes|Edge|Telco|IoT|XaaS.,Go,2025-01-19T22:06:49Z,1266.0,3.377,24.0,False,False,124.0,40347.0,1.0,False,False
R149,luos_engine,Yes,Luos-io/luos_engine,https://github.com/Luos-io/luos_engine,I1,‚Ä¢,,,,‚Ä¢,,,‚Ä¢,,Partially,device ‚Üî fog,Modular Microservice Architecture,Supporting Capabilities,Device/Edge,Dynamic Service Discovery & Communication,Interface Capability,Edge/Fog,Distributed IoT System Scalability,Supporting Capabilities,Edge/Fog,"IIoT, Industry 4.0",Infrastructure/Platform,Platform,https://www.luos.io/docs/luos-technology/basics/concepts,edge iot,519.0,"Open-source and real-time orchestrator for cyber-physical-systems, to easily design, test and deploy embedded applications and digital twins.",C,2025-01-15T13:51:34Z,0.0,1.488,13.0,False,False,57.0,23386.0,1.0,False,False
R150,macchina.io,Yes,macchina-io/macchina.io,https://github.com/macchina-io/macchina.io,I1,,,,,,,,,,Partially,Continuum,Edge Gateway Device & Protocol Integration,Interface Capability,Device/Edge,Web-Enabled Service Exposure,Interface Capability,Edge/Fog,Remote Application Management & Extensibility,Supporting Capabilities,Fog/Cloud ,IIoT,Infrastructure/Platform,Platform,https://docs.macchina.io/edge/00400-MQTTProgramming.html,edge-iot,517.0,"macchina.io EDGE is a powerful C++ and JavaScript SDK for edge devices, multi-service IoT gateways and connected embedded systems.",C++,2024-06-11T16:51:00Z,37.0,1.233,7.0,False,False,156.0,128373.0,1.0,False,False
R153,azure_arc,Yes,microsoft/azure_arc,https://github.com/microsoft/azure_arc,I2,‚Ä¢,,,,‚Ä¢,,,,,YES,Continuum,Unified Hybrid Management,Supporting Capabilities,Fog/Cloud,GitOps & Policy-based Configuration at Scale,Supporting Capabilities,Fog/Cloud,Unified Security & Monitoring,Supporting Capabilities,Cross-cutting,"Efficient AI, Orchestration",Infrastructure/Platform,Platform,https://github.com/Azure/arc_jumpstart_docs,edge iot,755.0,"Automated Azure Arc, Edge, and Platform environments",HTML,2025-01-16T22:50:03Z,2035.0,13.894,86.0,False,False,558.0,576406.0,1.0,False,False
R154,mindspore,Yes,mindspore-ai/mindspore,https://github.com/mindspore-ai/mindspore,I1,‚Ä¢,‚Ä¢,,,‚Ä¢,,‚Ä¢,‚Ä¢,,YES,Continuum,End-to-End AI Lifecycle (Cloud‚ÄìEdge‚ÄìDevice),Supporting Capabilities,continuum,Lightweight Edge Inference (MindSpore Lite),Supporting Capabilities,Device/Edge,Privacy-Preserving Federated Learning,Supporting Capabilities,Cross-cutting,Federated Learning,Infrastructure/Platform,Platform,https://github.com/mindspore-ai/mindspore/tree/master/docs,edge ai,4372.0,"MindSpore is a new open source deep learning training/inference framework that could be used for mobile, edge and cloud scenarios.",C++,2024-07-29T01:48:05Z,7097.0,83.896,93.0,False,False,718.0,869597.0,1.0,False,False
R163,montithings,Yes,MontiCore/montithings,https://github.com/MontiCore/montithings,I1,‚Ä¢,‚Ä¢,,,‚Ä¢,‚Ä¢,‚Ä¢,,,YES,device ‚Üî fog,Model-Driven IoT/Edge Application Development,Supporting Capabilities,Cross-cutting,Dynamic Deployment & Update at Edge,Supporting Capabilities,Edge/Fog,Asynchronous Cross-Device Communication,Interface Capability,Device/Edge,Model-Driven Engineering (MDE),Meta-Architecture,Subsystem,https://www.se-rwth.de/research/MontiThings/,edge iot,14.0,An ecosystem for model-driven IoT applications,Java,2025-01-10T20:52:30Z,15.0,4.617,34.0,False,False,6.0,16788.0,1.0,False,False
R166,nabto-embedded-sdk,Yes,nabto/nabto-embedded-sdk,https://github.com/nabto/nabto-embedded-sdk,I2,‚Ä¢,‚Ä¢,,,‚Ä¢,,‚Ä¢,‚Ä¢,,YES,device ‚Üî edge,Secure P2P Communication for IoT Devices,Interface Capability,Device/Edge,NAT/Firewall Traversal & Connectivity Optimization,Interface Capability,Cross-cutting,Lightweight Embedded Integration,Supporting Capabilities,Device,Smart Environment,Infrastructure/Platform,Subsystem,https://docs.nabto.com/developer/platforms/common/intro.html,edge-iot,17.0,"Nabto Edge Embedded SDK. Secure, direct connections to your IoT devices.",C,2024-12-02T13:10:24Z,195.0,2.861,5.0,False,False,4.0,5401.0,1.0,False,False
R167,nanomq,Yes,nanomq/nanomq,https://github.com/nanomq/nanomq,I2,‚Ä¢,‚Ä¢,,,‚Ä¢,‚Ä¢,,,,YES,device ‚Üî fog,Lightweight Edge Messaging Broker,Interface Capability,Device/Edge,Protocol Translation & Interoperability Gateway,Interface Capability,Edge/Fog,High-Performance & Resource-Efficient Messaging,Interface Capability,Cross-cutting,"Data streaming processing, Smart Environment",Infrastructure/Platform,Subsystem,https://github.com/nanomq/nanomq/blob/master/docs/en_US/assets/architecture.png,edge-iot,1711.0,An ultra-lightweight and blazing-fast Messaging broker/bus for IoT edge & SDV,C,2025-01-14T14:58:23Z,539.0,3.598,31.0,False,False,203.0,18876.0,1.0,False,False
R182,ai-edge,Yes,opendatahub-io/ai-edge,https://github.com/opendatahub-io/ai-edge,I2,‚Ä¢,‚Ä¢,,,‚Ä¢,,,‚Ä¢,,YES,edge ‚Üî fog,Edge Processing,Data Capabilities,Edge,Orchestration & Management,Supporting Capabilities,Fog/Cloud,Monitoring & Observability,Supporting Capabilities,Cross-cutting (device/Edge),"Industry 4.0, Smart Environment",Infrastructure/Platform,Framework,https://github.com/opendatahub-io/ai-edge/blob/main/docs/images/edge-architecture.png,edge-ai,12.0,ODH integration with AI at the Edge usecases,Go,2024-11-11T22:52:26Z,280.0,490,13.0,False,False,19.0,16979.0,1.0,False,False
R183,microshift,Yes,openshift/microshift,https://github.com/openshift/microshift,I2,‚Ä¢,‚Ä¢,,‚Ä¢,‚Ä¢,‚Ä¢,,‚Ä¢,,YES,edge ‚Üî Cloud,Lightweight Kubernetes-Native Orchestration,Supporting Capabilities,Edge,Cloud-Edge Continuum Integration,Supporting Capabilities,Fog/Cloud,Secure Lifecycle & Policy Management,Supporting Capabilities,Cross-cutting,Smart Environment,Infrastructure/Platform,Framework,https://github.com/openshift/microshift/blob/main/docs/contributor/design.md,edge iot,708.0,A small form factor OpenShift/Kubernetes optimized for edge computing,Go,2025-01-20T09:07:17Z,1961.0,5.895,84.0,False,False,203.0,107666.0,1.0,False,False
R184,model_server,Yes,openvinotoolkit/model_server,https://github.com/openvinotoolkit/model_server,I2,‚Ä¢,‚Ä¢,,‚Ä¢,‚Ä¢,‚Ä¢,‚Ä¢,,,Partially,Continuum,Scalable AI Model Serving (gRPC/REST),Supporting Capabilities,Fog/Cloud/Edge,Hardware-Accelerated Inference,Supporting Capabilities,Cross-cutting (Device/Edge/Fog),Model Lifecycle Management,Supporting Capabilities,Fog/Cloud ,Efficient AI,Infrastructure/Platform,Middleware,https://github.com/openvinotoolkit/model_server/tree/main/docs,edge ai,697.0,A scalable inference server for models optimized with OpenVINO‚Ñ¢,C++,2025-01-19T23:16:54Z,484.0,2.689,42.0,False,False,213.0,54087.0,1.0,False,False
R194,executorch,Yes,pytorch/executorch,https://github.com/pytorch/executorch,I2,‚Ä¢,‚Ä¢,,,‚Ä¢,‚Ä¢,‚Ä¢,‚Ä¢,,YES,edge ‚Üî fog,End-to-End On-Device AI Workflow,Supporting Capabilities,Edge,High Portability across Diverse Hardware,Supporting Capabilities,Edge/Fog,Developer Productivity & Toolchain Integration,Supporting Capabilities,Cross-cutting,"Computer vision, speech",Infrastructure/Platform,Platform/framework,https://github.com/pytorch/executorch/blob/main/docs/source/getting-started-architecture.md,edge ai,2412.0,"On-device AI across mobile, embedded and edge for PyTorch",C++,2025-01-19T11:35:00Z,3856.0,5.271,100.0,False,False,420,150581.0,1.0,False,False
R197,rhel-edge-automation-arch,No,redhat-cop/rhel-edge-automation-arch,https://github.com/redhat-cop/rhel-edge-automation-arch,I2,,‚Ä¢,,,‚Ä¢,,,,,Partially,edge ‚Üî fog,Automated Edge Provisioning & Configuration,Supporting Capabilities,Edge/Fog,OTA Updates & Rollback Management,Supporting Capabilities,Edge/Fog,GitOps-Driven Orchestration & Compliance,Supporting Capabilities,Cross-cutting,IIoT,Infrastructure/Platform,Framework,https://github.com/redhat-cop/rhel-edge-automation-arch/tree/main?tab=readme-ov-file#architecture,edge architecture,45,RHEL for Edge Automation Deployment Architecture,Jinja,2023-12-21T19:39:53Z,0.0,315,7.0,False,FALSE,33,,,FALSE,FALSE
R201,viseron,Yes,roflcoopter/viseron,https://github.com/roflcoopter/viseron,I1,,,,,‚Ä¢,,,,,Partially,device ‚Üî fog,On-Device Video Analytics & AI Inference,Supporting Capabilities,Device/Edge,Hardware-Accelerated Vision Processing,Supporting Capabilities,Cross-cutting,Event-Driven Smart Home/IoT Integration,Interface Capability,Edge/Fog,Computer Vision,System,Full system,https://github.com/roflcoopter/viseron/tree/dev/docs/docs/documentation/configuration,edgetpu,1843.0,"Self-hosted, local only NVR and AI Computer Vision software.  With features such as object detection, motion detection, face recognition and more, it gives you the power to keep an eye on your home, office or any other place you want to monitor.",Python,2025-01-19T09:53:42Z,367.0,1.847,11.0,False,False,190.0,41822.0,1.0,False,False
R203,salt,Yes,saltstack/salt,https://github.com/saltstack/salt,I1,‚Ä¢,‚Ä¢,‚Ä¢,‚Ä¢,‚Ä¢,‚Ä¢,,‚Ä¢,,YES,edge ‚Üî Cloud,Scalable Remote Configuration & Automation,Supporting Capabilities,Fog/Cloud,Real-Time Orchestration & Parallel Execution,Supporting Capabilities,Fog/Edge,"Security, Compliance & Lifecycle Management",Supporting Capabilities,Cross-cutting,Orchestration,Infrastructure/Platform,Platform,https://github.com/saltstack/salt/blob/master/doc/topics/development/architecture.rst,edge iot,14287.0,Software to automate the management and configuration of any infrastructure or application at scale. Install Salt from the Salt package repositories here:,Python,2025-01-20T09:37:47Z,1280.0,121.363,100.0,False,False,5496.0,547395.0,1.0,False,False
R204,fedn,Yes,scaleoutsystems/fedn,https://github.com/scaleoutsystems/fedn,I1,‚Ä¢,‚Ä¢,,,‚Ä¢,‚Ä¢,‚Ä¢,‚Ä¢,,YES,edge ‚Üî Cloud,Federated Model Training & Aggregation,Supporting Capabilities,Edge/Fog/Cloud,Scalable Orchestration of Heterogeneous Nodes,Supporting Capabilities,Fog/Cloud,Privacy-Preserving Collaboration,Supporting Capabilities,Cross-cutting,Federated learning,Infrastructure/Platform,Framework,https://docs.scaleoutsystems.com/en/stable/architecture.html,edge-ai,146.0,"FEDn: An enterprise-ready open source federated learning framework. This repository contains the Python framework, CLI and API.",Python,2025-01-16T09:16:35Z,245.0,1.931,25.0,False,False,36.0,371729.0,1.0,False,False
R207,piccolo,Yes,sensiml/piccolo,https://github.com/sensiml/piccolo,I1,‚Ä¢,,,,‚Ä¢,‚Ä¢,‚Ä¢,‚Ä¢,,Partially,device ‚Üî edge,Ultra-Lightweight TinyML Inference Runtime,Supporting Capabilities,Device,Sensor Data Pattern Recognition,Supporting Capabilities,Device/Edge,Low-Power Embedded AI Optimization,Supporting Capabilities,Cross-cutting,"Efficient AI, AIoT, Real Time Data Processing",Infrastructure/Platform,Platform,https://github.com/sensiml/piccolo/blob/main/docs/source/mqtt-specification/introduction.rst,edge ai,53.0,SensiML's open-source AutoML solution for Edge AI model development,Python,2025-01-17T01:48:25Z,54.0,77,5.0,False,False,7.0,96464.0,1.0,False,False
R210,simpleiot,Yes,simpleiot/simpleiot,https://github.com/simpleiot/simpleiot,I1,‚Ä¢,‚Ä¢,‚Ä¢,,‚Ä¢,‚Ä¢,‚Ä¢,,,YES,Continuum,Lightweight Edge IoT Platform,Supporting Capabilities,Device/Edge,Graph-Based Device & Data Modeling,Data Capabilities,Edge/Fog,Remote Device Management & Configuration,Supporting Capabilities,Fog/Cloud ,Smart Environment,Infrastructure/Platform,Full system,https://github.com/simpleiot/simpleiot/tree/master/docs/ref,edge-iot,178.0,Simple IoT cloud/edge application/framework,Go,2025-01-03T22:10:16Z,263.0,3.433,9.0,False,False,29.0,16600.0,1.0,False,False
R217,fogflow,Yes,smartfog/fogflow,https://github.com/smartfog/fogflow,I1,‚Ä¢,‚Ä¢,,‚Ä¢,‚Ä¢,‚Ä¢,‚Ä¢,,,YES,edge ‚Üî Cloud,Dynamic Service Orchestration,Supporting Capabilities,Fog/Edge ,Context-aware Service Discovery & Chaining,Interface Capability,Edge/Fog,Distributed Task Scheduling & Optimization,Supporting Capabilities,Fog/Cloud ,"Industry 4.0, Smart Environment, Autonomous Systems",Infrastructure/Platform,Framework,https://github.com/smartfog/fogflow/blob/development/docs/en/source/introduction.rst,edge-iot,126.0,FogFlow is a standard-based IoT fog computing framework that supports serverless computing and edge computing with advanced programming models,Go,2024-11-04T09:48:23Z,22.0,2.471,23.0,False,False,45.0,187714.0,1.0,False,False
R225,thin-edge.io,Yes,thin-edge/thin-edge.io,https://github.com/thin-edge/thin-edge.io,I2,‚Ä¢,‚Ä¢,‚Ä¢,,‚Ä¢,,,,‚Ä¢,YES,Continuum,Lightweight IoT Edge Gateway,Interface Capability,Device/Edge,Multi-Protocol IoT Interoperability,Interface Capability,Edge/Fog,Remote Device Management & OTA Updates,Supporting Capabilities,Fog/Cloud ,IIoT,Infrastructure/Platform,Framework,https://thin-edge.github.io/thin-edge.io/understand/faq/,edge-iot,228.0,The open edge framework for lightweight IoT devices,Rust,2025-01-17T22:04:34Z,1771.0,5.432,30.0,False,False,56.0,122193.0,1.0,False,False
R235,saf,Yes,TRUMPF-IoT/saf,https://github.com/TRUMPF-IoT/saf,I1,‚Ä¢,‚Ä¢,,,,,‚Ä¢,,,YES,device ‚Üî fog,Semantic IoT Process Automation,Supporting capability,Cross-cutting,Dynamic Orchestration & Service Composition,Supporting Capabilities,Edge/Fog,Protocol Interoperability for Industrial IoT,Interface Capability,Device/Edge,IIoT,Infrastructure/Platform,Framework,https://github.com/TRUMPF-IoT/saf/tree/master/docs,edge iot,12.0,Smart Application Framework (SAF) is a .NET based framework for building distributed applications across cloud and edge.,C#,2025-01-07T16:33:21Z,21.0,375,5.0,False,False,1.0,1122.0,1.0,False,False
R238,edge-infer,No,unit-mesh/edge-infer,https://github.com/unit-mesh/edge-infer,I2,‚Ä¢,‚Ä¢,,,‚Ä¢,,‚Ä¢,,,Partially,device ‚Üî fog,Lightweight Edge Model Inference,Data Capabilities,Device/Edge,Cross-Platform Runtime Support,Supporting Capabilities,Edge/Fog,Configurable Inference Pipeline,Supporting Capabilities,Edge/Fog,Smart manufacturing,Infrastructure/Platform,Platform,https://github.com/unit-mesh/edge-infer/blob/master/docs/edge-mind.svg,edge ai,39.0,"EdgeInfer enables efficient edge intelligence by running small AI models, including embeddings and OnnxModels, on resource-constrained devices like Android, iOS, or MCUs for real-time decision-making. EdgeInfer Êó®Âú®ËµÑÊ∫êÂèóÈôêÁöÑËÆæÂ§á‰∏äËøêË°åÂ∞èÂûã AI Ê®°ÂûãÔºàÂåÖÊã¨ÂêëÈáèÂåñÂíå Onnx Ê®°ÂûãÔºâÔºåÂ¶Ç Android„ÄÅiOS Êàñ MCUsÔºåÂÆûÁé∞È´òÊïàÁöÑËæπÁºòÊô∫ËÉΩÔºåÁî®‰∫éÂÆûÊó∂ÂÜ≥Á≠ñ„ÄÇ",Rust,2024-04-17T09:23:00Z,11.0,121,3.0,False,False,2.0,280.0,1.0,False,False
R241,WasmEdge,Yes,WasmEdge/WasmEdge,https://github.com/WasmEdge/WasmEdge,I1,‚Ä¢,‚Ä¢,,,,,‚Ä¢,,,Partially,Continuum,Lightweight & Secure Application Runtime,Supporting Capabilities,Device/Edge,AI/ML Inference in WASM Modules,Supporting Capabilities,Edge/Fog,Cloud-Native & Edge Integration,Supporting Capabilities,Fog/Cloud ,Efficient AI,Infrastructure/Platform,Platform,https://github.com/WasmEdge/WasmEdge/blob/master/docs/architecture.png,edge-iot,8754.0,"WasmEdge is a lightweight, high-performance, and extensible WebAssembly runtime for cloud native, edge, and decentralized applications. It powers serverless apps, embedded functions, microservices, smart contracts, and IoT devices.",C++,2025-01-19T23:06:04Z,777.0,3.819,100.0,False,False,787.0,24641.0,1.0,False,False
R242,self,Yes,watson-intu/self,https://github.com/watson-intu/self,I2,,,,,‚Ä¢,,‚Ä¢,,,YES,device ‚Üî fog,Multimodal Perception & Cognitive Integration,Supporting Capabilities,Device/Edge,Distributed Agent-Oriented Orchestration,Supporting Capabilities,Edge/Fog,Extensible Hybrid Edge‚ÄìCloud AI Integration,Supporting Capabilities,Cross-cutting,Robotic,Infrastructure/Platform,,https://github.com/watson-intu/self-docs/blob/94f376527082cfd25c225b2f99a5304d6955576f/faqs/architecture/architecture.md,edge-ai,29.0,Intu is a Cognitive Embodiment Middleware for AI on the edge.,C++,2024-11-29T18:47:35Z,2.0,66,8.0,False,False,27.0,160108.0,1.0,False,False
R247,Vitis-AI,Yes,Xilinx/Vitis-AI,https://github.com/Xilinx/Vitis-AI,I2,,‚Ä¢,,,‚Ä¢,‚Ä¢,‚Ä¢,‚Ä¢,,YES,Continuum,Model Compilation & FPGA Acceleration,Supporting Capabilities,Device/Edge,End-to-End AI Deployment Stack,Supporting Capabilities,Fog/Cloud/Edge,Hardware-Optimized Edge AI Runtime,Supporting Capabilities,Cross-cutting,Efficient AI,Infrastructure/Platform,,https://xilinx.github.io/Vitis-AI/3.5/html/docs/workflow.html?highlight=architecture,edge ai,1526.0,"Vitis AI is Xilinx‚Äôs development stack for AI inference on Xilinx hardware platforms, including both edge devices and Alveo cards.",Python,2024-09-12T07:20:12Z,3.0,1.253,34.0,False,False,640.0,2361712.0,1.0,False,False
R251,yomo,No,yomorun/yomo,https://github.com/yomorun/yomo,I1,,,,,‚Ä¢,‚Ä¢,‚Ä¢,,,Partially,edge ‚Üî fog,Low-Latency Edge Stream Processing,Data Capabilities,Edge,WASM-Based Modular Execution,Supporting Capabilities,Cross-cutting,AI-Enabled Real-Time Decision Making,Supporting Capabilities,Edge/Fog,"Real Time Data Processing, Data streaming processing",Infrastructure/Platform,,https://github.com/yomorun/yomo/blob/master/docs/public/yomo-flow-arch.jpg,edge ai,1694.0,"ü¶ñ Stateful Serverless Framework for Geo-distributed Edge AI Infra. with function calling support, write once, run on any model.",Go,2025-01-19T03:38:40Z,141.0,602,18.0,False,False,129.0,68921.0,1.0,False,False
R254,kantv,No,zhouwg/kantv,https://github.com/zhouwg/kantv,I1,‚Ä¢,‚Ä¢,,,‚Ä¢,‚Ä¢,‚Ä¢,,,Partially,edge ‚Üî fog,Cross-Platform Media Processing,Supporting Capabilities,Device/Edge,Hardware-Accelerated Video Decoding,Supporting Capabilities,Cross-cutting,Multi-Protocol Streaming & Playback,Interface Capability,Device/Edge,Smart Environment,System,,https://github.com/zhouwg/kantv/tree/master?tab=readme-ov-file#software-architecture-of-kantv-android,edge-ai,136.0,"workbench for learing&practising AI tech in real scenario on Android device, powered by GGML(Georgi Gerganov Machine Learning) and NCNN(Tencent NCNN) and FFmpeg",C++,2024-06-17T13:39:23Z,287.0,2.986,41.0,False,False,20.0,1102570.0,1.0,False,False
R257,ztachip,Yes,ztachip/ztachip,https://github.com/ztachip/ztachip,I2,‚Ä¢,‚Ä¢,,‚Ä¢,‚Ä¢,,,,,Partially,device ‚Üî edge,Custom Edge AI Hardware Acceleration,Supporting Capabilities,Device/Edge,SDK & Runtime for Edge AI Applications,Supporting Capabilities,Edge,Real-Time Vision & ML Inference,Supporting Capabilities,Device/Edge,Computer Vision,Infrastructure/Platform,,https://github.com/ztachip/ztachip/blob/master/Documentation/SoftwareDesign.md,edge ai,239.0,Opensource software/hardware platform to build edge AI solutions deployed on FPGA or custom ASIC hardware.,C++,2024-08-21T03:06:22Z,63.0,413,2.0,False,False,34.0,173338.0,1.0,False,False
R258,auritus,Yes,nesl/auritus,https://github.com/nesl/auritus,I2,‚Ä¢,‚Ä¢,,,‚Ä¢,,‚Ä¢,‚Ä¢,,YES,device ‚Üî edge,Model Optimization for Earable Edge,Supporting Capabilities,Edge,Hardware-Aware Model Compactness,Supporting Capabilities,Device/Edge,Extendability & Custom Pipeline,Data Capabilities,Cross-cutting,"Audio Analisys, Healthcare",Infrastructure/Platform,,https://github.com/nesl/auritus/blob/main/README.md#framework-architecture,tinyml,20,Auritus: An Open-Source Optimization Toolkit for Training and Development of Human Movement Models and Filters Using Earables,C++,2024-09-17T06:56:53Z,2,61,0.0,False,False,0,145361,1.0,False,False
R259,open-horizon,Yes,motion-ai/open-horizon,https://github.com/motion-ai/open-horizon,I2,,‚Ä¢,,,‚Ä¢,‚Ä¢,,,,Partially,edge ‚Üî Cloud,Autonomous Policy-Based Workload Orchestration,Supporting Capabilities,Fog/Cloud/Edge,Resilient Offline Edge Operation,Supporting Capabilities,Edge,Secure Lifecycle Management for Edge Services,Supporting Capabilities,Cross-cutting,"Orchestration, Computer Vision",Infrastructure/Platform,,https://github.com/motion-ai/open-horizon/blob/master/docs/PATTERN.md,,,,,,,,,,,,,,,
R261,smart-social-distancing,Yes,galliot-us/smart-social-distancing,https://github.com/galliot-us/smart-social-distancing,I1,‚Ä¢,‚Ä¢,,‚Ä¢,‚Ä¢,,,‚Ä¢,,YES,Continuum,Edge-Based Real-Time Social Distancing Analytics,,Edge,Multi-Hardware AI Acceleration,,Edge,Event-Driven Notification & Data Integration,,Cross-cutting,Computer Vision,System,,https://galliot.us/blog/smart-social-distancing-new-codebase-architecture/,edge-ai,140,"Social Distancing Detector using deep learning and capable to run on edge AI devices such as NVIDIA Jetson, Google Coral, and more.",Python,,0,633,20,False,False,39,,1,False,False