repo_ID,repo_name,criteria,included,full_repo_name,url,arch_overview,diagrams,adrs,context,deployment,quality_attrs,interface,evaluation,stakeholders,sa_doc,sa_doc_link,domain,architectural_layer,application_type,capability_1,iso_mapping_cap_1,layer_cap_1,capability_2,iso_mapping_cap_2,layer_cap_2,capability_3,iso_mapping_cap_3,layer_cap_3,layer,search_term,desc.,commits_2024,#_commits,last_commit,stars,lang,collaborators,forks,size
R003,supermq,I3,Yes,absmach/supermq,https://github.com/absmach/supermq,‚Ä¢,‚Ä¢,,,‚Ä¢,,‚Ä¢,,,YES,https://docs.magistrala.abstractmachines.fr/architecture,"Data streaming processing, Smart Environment",Infrastructure/Platform,Platform,Multi-Protocol IoT Messaging Broker,Interface Capability,Device/Edge,Identity & Access Management for IoT,Supporting Capabilities,Cross-cutting,Scalable Microservices Architecture for IoT,Supporting Capabilities,Fog/Cloud ,Continuum,edge iot,Event-driven Infrastructure for Modern Cloud,373.0,1.811,2025-01-20T08:22:15Z,2489.0,Go,70.0,672.0,147242.0
R009,zilla,I3,Yes,aklivity/zilla,https://github.com/aklivity/zilla,‚Ä¢,‚Ä¢,,‚Ä¢,‚Ä¢,,‚Ä¢,,,YES,https://docs.aklivity.io/zilla/latest/concepts/what-is-zilla.html#who-zilla-is-for,Data streaming processing,Infrastructure/Platform,Platform,Event-Driven API Gateway for IoT/Edge,Interface Capability,Edge/Fog,Multi-Protocol Event Streaming Integration,Interface Capability,Edge/Fog/Cloud,Low-Latency Edge Data Proxying,Data Capabilities,Cross-cutting,Continuum,edge-iot,"ü¶é A multi-protocol edge & service proxy. Seamlessly interface web apps, IoT clients, & microservices to Apache Kafka¬Æ via declaratively defined, stateless APIs.",682.0,2.184,2025-01-12T23:14:21Z,563.0,Java,18.0,55.0,30050.0
R013,heartkit,I2,Yes,AmbiqAI/heartkit,https://github.com/AmbiqAI/heartkit,,‚Ä¢,,‚Ä¢,‚Ä¢,,,,,Partially,https://github.com/AmbiqAI/heartkit/blob/main/docs/assets/guides/heartkit-architecture.svg,"Healthcare,  medical IoT, Real Time Data Processing",Infrastructure/Platform,Full System,On-Device Biomedical Signal Inference,Supporting Capabilities,Device/Edge,Low-Power AI Optimization,Supporting Capabilities,Cross-cutting,Health Data Preprocessing & Model Lifecycle,Supporting Capabilities,Edge/Fog,device ‚Üî fog,tinyml,Perform AI-based heart monitoring tasks,43.0,195,2024-10-10T21:46:36Z,21.0,Jupyter Notebook,1.0,7.0,39767.0
R016,ai8x-synthesis,I2,No,analogdevicesinc/ai8x-synthesis,https://github.com/analogdevicesinc/ai8x-synthesis,‚Ä¢,‚Ä¢,,,‚Ä¢,,,‚Ä¢,,Partially,https://github.com/analogdevicesinc/ai8x-synthesis?tab=readme-ov-file#overview,"Industrial IoT, Efficient AI",Infrastructure/Platform,Platform/framework,Model Quantization & Synthesis,Supporting Capabilities,Edge,Edge Hardware Optimization,Supporting Capabilities,Device,Toolchain Integration & Automation,Supporting Capabilities,Cross-cutting,device ‚Üî fog,edge ai,Quantization and Synthesis (Device Specific Code Generation) for ADI's MAX78000 and MAX78002 Edge AI Devices,35.0,305,2024-12-06T14:24:53Z,59.0,Python,14.0,60.0,677035.0
R017,ai8x-training,I2,No,analogdevicesinc/ai8x-training,https://github.com/analogdevicesinc/ai8x-training,‚Ä¢,‚Ä¢,,,‚Ä¢,,,‚Ä¢,,Partially,https://github.com/analogdevicesinc/ai8x-training?tab=readme-ov-file#overview,"Computer Vision, Industrial IoT, IoT",Infrastructure/Platform,Platform/framework,Model Training & Preparation,Supporting Capabilities,Fog/Edge,Hardware-Aware Model Constraint Handling,Supporting Capabilities,Device,AutoML / Training Workflow Integration,Supporting Capabilities,Fog/Edge,device ‚Üî fog,edge ai,Model Training for ADI's MAX78000 and MAX78002 Edge AI Devices,45.0,243,2025-01-14T00:04:03Z,95.0,Jupyter Notebook,13.0,91.0,231469.0
R018,MaximAI_Documentation,I2,No,analogdevicesinc/MaximAI_Documentation,https://github.com/analogdevicesinc/MaximAI_Documentation,,‚Ä¢,,‚Ä¢,,,,,,Partially,https://www.analog.com/en/resources/technical-articles/face-identification-using-max78000.html,Computer Vision,Infrastructure/Platform,Platform,TinyML Deployment for Resource-Constrained MCUs,Supporting Capabilities,Device,"Model Training, Quantization & Synthesis Workflow",Supporting Capabilities,Fog/Edge,Domain-Specific Edge AI (Vision & Speech),Supporting Capabilities,Cross-cutting,device ‚Üî fog,edge ai,START HERE: Documentation for ADI's MAX78000 and MAX78002 Edge AI devices,5.0,111,2024-05-13T16:18:32Z,101.0,,13.0,44.0,276610.0
R022,aws-iot-fleetwise-edge,I1,Yes,aws/aws-iot-fleetwise-edge,https://github.com/aws/aws-iot-fleetwise-edge,‚Ä¢,‚Ä¢,,,‚Ä¢,‚Ä¢,‚Ä¢,,,YES,https://github.com/aws/aws-iot-fleetwise-edge?tab=readme-ov-file#aws-iot-fleetwise-architecture,"Autonomous Systems, Smart Environment",Infrastructure/Platform,Platform,Intelligent Data Collection & Remote Commands,Data Capabilities,Edge/Fog,Store-and-Forward with Edge Buffering,Data Capabilities,Edge,Secure MQTT Communication,Interface Capability,Cross-cutting,Edge ‚Üî fog,edge-iot,Reference Implementation for AWS IoT FleetWise,25.0,92,2025-01-15T14:50:35Z,63.0,C++,15.0,45.0,5039.0
R023,dem,I2,Yes,axem-solutions/dem,https://github.com/axem-solutions/dem,‚Ä¢,‚Ä¢,,,‚Ä¢,,‚Ä¢,,,YES,https://github.com/axem-solutions/dem/blob/main/docs/design.md,"IIoT, Real-time data streaming",Infrastructure/Platform,Subsystem,Declarative DevEnv Orchestration,Supporting Capabilities,Fog/Cloud,Template & Registry Integration,Supporting Capabilities,Cross-cutting,Portable Containerized Tooling,Supporting Capabilities,Cross-cutting,Edge ‚Üî fog,edge iot,Containerized Development Environment Manager for embedded development,69.0,495,2025-01-17T17:02:10Z,101.0,Python,9.0,15.0,7597.0
R024,azure-iot-edge-identity-translation-lite,I2,Yes,Azure-Samples/azure-iot-edge-identity-translation-lite,https://github.com/Azure-Samples/azure-iot-edge-identity-translation-lite,‚Ä¢,‚Ä¢,,,‚Ä¢,,‚Ä¢,,,YES,https://github.com/Azure/arc_jumpstart_docs,IIoT,Infrastructure/Platform,Platform,Identity Translation Gateway,Interface Capability,Fog,Protocol Translation Fabrica√ß√£o,Interface Capability,Device/Fog,Dynamic Device Provisioning (Cloud),Supporting Capabilities,Fog/Cloud,Continuum,edge-iot,Azure IoT Edge Identity Translation Module sample.,1.0,74,2024-04-22T07:26:46Z,22.0,C#,12.0,22.0,769.0
R025,edge-aio-in-a-box,I1,Yes,Azure-Samples/edge-aio-in-a-box,https://github.com/Azure-Samples/edge-aio-in-a-box,‚Ä¢,‚Ä¢,,,‚Ä¢,,‚Ä¢,,,Partially,https://github.com/Azure-Samples/edge-aio-in-a-box/tree/main?tab=readme-ov-file#architecture,"IIoT, Smart Environments",Infrastructure/Platform,Framework,Automated Azure Edge Provisioning,Supporting Capabilities,Fog/Cloud,Edge AI Model Lifecycle Management,Supporting Capabilities,Fog/Edge,Interactive Edge Testing & Inference,Supporting Capabilities,Edge/Fog,Continuum,edge-ai,Azure IoT Operations with Edge AI in-a-Box,150.0,150,2024-11-12T20:03:08Z,13.0,Jupyter Notebook,3.0,4.0,26771.0
R028,AI-in-a-Box,I1,No,Azure/AI-in-a-Box,https://github.com/Azure/AI-in-a-Box,‚Ä¢,‚Ä¢,,,‚Ä¢,,,,,YES,https://github.com/Azure/AI-in-a-Box/blob/main/media/images/edgeai-customvision-architecture.png,"IIoT, Smart Environments, Healthcare",Infrastructure/Platform,Framework,Deployment Acceleration,Supporting Capabilities,Cloud/Fog,Responsible AI / Security,Supporting Capabilities,cross-cutting,Scalability,Supporting Capabilities,Cloud/Fog,fog ‚Üî cloud,edge-ai,AI-in-a-Box leverages the expertise of Microsoft across the globe to develop and provide AI and ML solutions to the technical community.  Our intent is to present a curated collection of solution accelerators that can help engineers establish their AI/ML environments and solutions rapidly and with minimal friction.,224.0,366,2024-12-12T17:15:34Z,552.0,Jupyter Notebook,16.0,189.0,29055.0
R029,azure-iotedge,I2,Yes,Azure/azure-iotedge,https://github.com/Azure/azure-iotedge,‚Ä¢,‚Ä¢,,,‚Ä¢,,,,,Partially,https://learn.microsoft.com/pt-br/azure/iot-edge/,"Smart Environment, IIoT, Efficient AI, Autonomous Systems",Infrastructure/Platform,Platform,Edge Module Orchestration & Runtime Management,Supporting Capabilities,Edge/Fog,Local Communication & Store-and-Forward Routing,Data Capabilities,Device/Edge,Secure Identity & Runtime Integrity,Supporting Capabilities,Cross-cutting,device ‚Üî fog,edge-iot,The Azure IoT Edge product,57.0,219,2024-11-13T19:42:52Z,170.0,PowerShell,18.0,43.0,212.0
R031,iotedge,I2,Yes,Azure/iotedge,https://github.com/Azure/iotedge,,‚Ä¢,,,‚Ä¢,‚Ä¢,‚Ä¢,‚Ä¢,,YES,https://learn.microsoft.com/pt-br/azure/iot-edge/iot-edge-runtime,"IIoT, Smart Environments, Computer Vision",Infrastructure/Platform,Full System,Containerized Workload Orchestration,Supporting Capabilities,Edge,Local Secure Communication & Store-and-Forward,Data Capabilities,Device/Edge,Cloud-Integrated Device Management,Supporting Capabilities,Fog/Cloud ,Continuum,edge-iot,The IoT Edge OSS project,135.0,4.241,2025-01-17T01:04:54Z,1472.0,C#,92.0,462.0,43348.0
R032,iotedge-eflow,I2,Yes,Azure/iotedge-eflow,https://github.com/Azure/iotedge-eflow,,,,,‚Ä¢,,,,,YES,https://learn.microsoft.com/pt-br/azure/iot-edge/iot-edge-for-linux-on-windows,"IIoT, Industry 4.0",Infrastructure/Platform,Platform,Cross-Platform Edge Runtime Hosting,Supporting Capabilities,Edge/Fog,Containerized Workload Execution & Management,Supporting Capabilities,Edge,Cloud-Integrated Device Orchestration,Supporting Capabilities,Fog/Cloud ,Continuum,edge-iot,Azure IoT Edge for Linux on Windows,1.0,505,2024-11-26T21:13:54Z,51.0,PowerShell,8.0,29.0,54935.0
R033,iotedge-lorawan-starterkit,I2,Yes,Azure/iotedge-lorawan-starterkit,https://github.com/Azure/iotedge-lorawan-starterkit,‚Ä¢,‚Ä¢,,,‚Ä¢,,,,,YES,https://azure.github.io/iotedge-lorawan-starterkit/2.2.1/user-guide/architecture/?h=archi,"IIoT, Smart Environments",Infrastructure/Platform,Framework,Protocol Translation Gateway,Interface Capability,Device/Edge,Edge Network Server for LoRaWAN,Interface Capability,Edge,Cloud-Integrated Device & Data Management,Supporting Capabilities,Fog/Cloud ,Continuum,edge-iot,Sample implementation of LoRaWAN components to connect LoRaWAN antenna gateway running IoT Edge directly with Azure IoT.,0.0,1.074,2024-05-30T13:04:45Z,185.0,C#,34.0,63.0,35444.0
R035,KAN,I2,Yes,Azure/KAN,https://github.com/Azure/KAN,‚Ä¢,‚Ä¢,,,‚Ä¢,‚Ä¢,‚Ä¢,,,YES,https://github.com/Azure/KAN?tab=readme-ov-file#how-it-works,"Federated Learning, Efficient AI",Infrastructure/Platform,Platform,Efficient Model Training & Inference,Supporting Capabilities,Edge/Fog/Cloud,Explainable & Interpretable AI Models,Supporting Capabilities,Cross-cutting,Cross-Domain Deployment Flexibility,Supporting Capabilities,Device/Edge,Continuum,edge ai,"KubeAI Application Nucleus for edge is a solution accelerator for creating, deploying, and operating environment-aware solutions at scale that use artificial intelligence (AI) at the edge with the control and flexibility of open-source natively on your environment. ",80.0,165,2024-05-15T08:00:06Z,77.0,TypeScript,8.0,22.0,67854.0
R037,baetyl,I1,Yes,baetyl/baetyl,https://github.com/baetyl/baetyl,‚Ä¢,‚Ä¢,,,‚Ä¢,,‚Ä¢,,,YES,https://baetyl.readthedocs.io/en/1.0.0/overview/Design.html,"IIoT, Smart Environments, Efficient AI",Infrastructure/Platform,Framework,Edge-Cloud Declarative Orchestration,Supporting Capabilities,Fog/Cloud,Modular Edge Runtime & OTA Management,Supporting Capabilities,Edge/Fog,Lightweight Messaging Middleware,Interface Capability,Device/Edge,Continuum,edge iot,"Extend cloud computing, data and service seamlessly to edge devices.",0.0,1.259,2024-05-11T06:12:43Z,1879.0,Go,26.0,323.0,106376.0
R040,Olares,I2,Yes,beclab/Olares,https://github.com/beclab/Olares,‚Ä¢,‚Ä¢,,‚Ä¢,‚Ä¢,‚Ä¢,,‚Ä¢,‚Ä¢,YES,https://docs.olares.xyz/manual/system-architecture.html,Orchestration,Infrastructure/Platform,Framework,Local-First AI Application Hosting,Supporting Capabilities,Device/Edge,Decentralized AI App Marketplace,Supporting Capabilities,Cross-cutting,Application Orchestration & Management at Edge,Supporting Capabilities,Edge/Fog,device ‚Üî fog,edge-ai,Olares: An Open-Source Sovereign Cloud OS for Local AI,769.0,816,2025-01-19T18:44:56Z,1709.0,Shell,18.0,59.0,3627.0
R047,JAMScript,I2,Yes,citelab/JAMScript,https://github.com/citelab/JAMScript,‚Ä¢,,,,,‚Ä¢,‚Ä¢,,,Partially,https://github.com/citelab/JAMScript/blob/master/lib/jside/docs/diagrams.pdf,Mobile IoT,Infrastructure/Platform,Platform,Unified Programming Model,Supporting Capabilities,Cross-cutting,Reactive Runtime & Hierarchical Orchestration,Supporting Capabilities,Fog/Edge,Distributed Device Collaboration,Interface Capability,Device/Edge,device ‚Üî fog,edge-iot,A programming language for cloud of moving things (edge-based IoT),9.0,2.593,2024-09-13T06:59:44Z,31.0,C,20.0,19.0,58313.0
R048,FogBus2,I1,No,Cloudslab/FogBus2,https://github.com/Cloudslab/FogBus2,,‚Ä¢,,,‚Ä¢,‚Ä¢,,,,Partially,https://github.com/Cloudslab/FogBus2?tab=readme-ov-file#sample-environment-architecture,"Orchestration, Smart Environments, Efficient AI",Infrastructure/Platform,Platform/framework,Integrated Fog-Cloud Resource Orchestration,Supporting Capabilities,Fog/Cloud,Secure Data Management & Authentication,Supporting Capabilities,Cross-cutting,QoS-aware Task Scheduling & Monitoring,Supporting Capabilities,Edge/Fog,edge ‚Üî Cloud,edge-iot,FogBus2: A Lightweight and Distributed Container-based Framework for Integration of IoT-enabled Systems with Edge and Cloud Computing,0.0,471,2024-09-03T09:17:50Z,25.0,Python,2.0,10.0,27933.0
R061,kura,I1,Yes,eclipse-kura/kura,https://github.com/eclipse-kura/kura,‚Ä¢,‚Ä¢,,,‚Ä¢,,‚Ä¢,‚Ä¢,,Partially,http://eclipse-kura.github.io/kura/docs-release-5.6/cloud-platform/kura-sparkplug/,IIoT,Infrastructure/Platform,Platform,Edge Gateway Device & Network Management,Supporting Capabilities,Device/Edge,"Data Collection, Buffering & Filtering",Data Capabilities,Edge,Cloud Connectivity & Remote Lifecycle Management,Supporting Capabilities,Fog/Cloud ,Continuum,edge-iot,"Eclipse Kura‚Ñ¢ is a versatile framework to supercharge your edge devices, streamlining the process of configuring your gateway, connecting sensors, and IoT devices to seamlessly collect, process, and send data to the cloud.",212.0,6.039,2025-01-18T09:21:42Z,513.0,Java,59.0,314.0,406204.0
R063,edgehog,I2,Yes,edgehog-device-manager/edgehog,https://github.com/edgehog-device-manager/edgehog,‚Ä¢,‚Ä¢,,,‚Ä¢,,‚Ä¢,,,YES,http://docs.edgehog.io/0.9/overview.html,Orchestration,Infrastructure/Platform,Framework,OTA Lifecycle & Fleet Control,Supporting Capabilities,Fog/Cloud,Remote Docker Application Management,Supporting Capabilities,Edge,Dynamic Fleet Grouping & Geolocation,Supporting Capabilities,Cross-cutting,Continuum,edge iot,"Easily manage your IoT device fleet with Edgehog at once. Get information on device status, deploy updates, geolocate your devices and much more!",512.0,1.639,2025-01-15T13:12:47Z,35.0,Elixir,15.0,22.0,8234.0
R082,edgen,I1,No,edgenai/edgen,https://github.com/edgenai/edgen,‚Ä¢,‚Ä¢,,,‚Ä¢,,‚Ä¢,,,Partially,https://github.com/edgenai/edgen/blob/main/docs/assets/edgen_architecture_overview.svg,Efficient AI,Infrastructure/Platform,Framework,Local Modular GenAI Serving,Supporting Capabilities,Edge/Device,Hardware-Adaptive Inference Optimization,Supporting Capabilities,Cross-cutting (Edge/Fog),Cross-Platform Native Deployment,Supporting Capabilities,Fog/Edge,device ‚Üî fog,edge ai,"‚ö°  Edgen: Local, private GenAI server alternative to OpenAI. No GPU required. Run AI models locally: LLMs (Llama2, Mistral, Mixtral...), Speech-to-text (whisper) and many others.",315.0,315,2024-05-23T14:21:38Z,344.0,Rust,7.0,16.0,2481.0
R083,shifu,I2,Yes,Edgenesis/shifu,https://github.com/Edgenesis/shifu,‚Ä¢,‚Ä¢,,,‚Ä¢,,,,‚Ä¢,YES,https://shifu.dev/docs/references/architecture/,Orchestration,Infrastructure/Platform,Framework,Device Virtualization & Digital Twin,Interface Capability,Device/Edge,Protocol Interoperability & Integration,Interface Capability,Edge/Fog,Kubernetes-Native Orchestration of IoT Devices,Supporting Capabilities,Fog/Cloud ,Continuum,edge iot,Kubernetes-native IoT gateway,149.0,641,2025-01-20T09:33:43Z,1304.0,Go,39.0,121.0,50368.0
R084,evio,I3,Yes,EdgeVPNio/evio,https://github.com/EdgeVPNio/evio,‚Ä¢,‚Ä¢,,,‚Ä¢,,‚Ä¢,,,YES,https://edgevpn.io/architecture/,IIoT,Infrastructure/Platform,Platform,Virtualized Overlay Networking,Interface Capability,Fog/Cloud,Decentralized SDN Control & Peer Discovery,Interface Capability,Fog/Edge,Secure Peer-to-Peer Tunneling,Interface Capability,Cross-cutting,edge ‚Üî fog,edge-iot,"Virtualized overlay networking for the fog. The Evio network spans the continuum, from the cloud to the edge, providing a virtual private layer 2 network suitable for edge devices in IoT workloads.",32.0,190,2024-08-26T19:53:45Z,44.0,Python,6.0,15.0,2080.0
R093,fabedge,I2,Yes,FabEdge/fabedge,https://github.com/FabEdge/fabedge,‚Ä¢,‚Ä¢,,,‚Ä¢,,‚Ä¢,,,YES,https://github.com/FabEdge/fabedge?tab=readme-ov-file#how-it-works,IIoT,Infrastructure/Platform,Platform,Secure Cloud-Edge & Edge-Edge Overlay Networking,Interface Capability,Fog/Cloud,Automatic Configuration & Topology-Aware Discovery,Supporting Capabilities,Edge/Fog,Kubernetes-Native Multi-Cluster Orchestration,Supporting Capabilities,Fog/Edge,edge ‚Üî fog,edge iot,Secure Edge Networking Solution Based On Kubernetes,7.0,835,2025-01-11T01:27:42Z,523.0,Go,17.0,57.0,5337.0
R095,fledge,I2,Yes,fledge-iot/fledge,https://github.com/fledge-iot/fledge,‚Ä¢,‚Ä¢,,,‚Ä¢,‚Ä¢,,,,YES,https://github.com/fledge-iot/fledge/blob/develop/docs/fledge_architecture.rst,IIoT,Infrastructure/Platform,Platform,Edge Data Ingestion & Preprocessing,Data Capabilities,Edge,Plugin-based Northbound/Southbound Connectivity,Interface Capability,Device/Edge/Fog,Edge Analytics & Closed-Loop Control,Data Capabilities,Edge,device ‚Üî fog,edge iot,"An open source platform for the Industrial Internet of Things, it acts as an edge gateway between sensor devices and cloud storage systems.",608.0,11.824,2025-01-17T12:43:43Z,127.0,Python,42.0,50.0,44971.0
R098,trusted-connector,I3,Yes,Fraunhofer-AISEC/trusted-connector,https://github.com/Fraunhofer-AISEC/trusted-connector,‚Ä¢,‚Ä¢,,,‚Ä¢,,‚Ä¢,,,YES,https://industrial-data-space.github.io/trusted-connector-documentation/docs/overview/,IIoT,Infrastructure/Platform,Platform,Secure Data Exchange Gateway,Interface Capability,Fog/Cloud/Edge,Data Sovereignty & Policy Enforcement,Supporting Capabilities,Cross-cutting,Trusted Execution & Compliance Integration,Supporting Capabilities,Fog/Cloud ,edge ‚Üî Cloud,edge-iot,"IoT edge platform ""Trusted Connector"" of the International Data Spaces. Based on Spring Boot, includes Camel message routing, a Camel component for IDSCP2 (including remote attestation with other connectors) and a management web UI.",32.0,2.263,2024-08-31T15:15:08Z,48.0,Kotlin,14.0,45.0,114526.0
R116,inngest,I2,Yes,inngest/inngest,https://github.com/inngest/inngest,‚Ä¢,‚Ä¢,,‚Ä¢,‚Ä¢,‚Ä¢,‚Ä¢,,,YES,https://www.inngest.com/docs/self-hosting#inngest-system-architecture,"Data streaming processing, Real Time Data Processing",Infrastructure/Platform,Full System,Event-Driven Orchestration,Supporting Capabilities,Fog/Cloud,Resilient Task Scheduling & State Management,Supporting Capabilities,Edge,Cross-Environment Portability,Supporting Capabilities,Cross-cutting,fog ‚Üî cloud,edge-ai,"The leading workflow orchestration platform.  Run stateful step functions and AI workflows on serverless, servers, or the edge.",1097.0,4.174,2025-01-17T23:31:55Z,2356.0,Go,24.0,91.0,325678.0
R120,AiCSD,I2,Yes,intel/AiCSD,https://github.com/intel/AiCSD,‚Ä¢,‚Ä¢,,,‚Ä¢,,‚Ä¢,,,YES,https://intel.github.io/AiCSD/index.html#ai-connect-for-scientific-data-aicsd,"Computer Vision, IIoT, Orchestration",Infrastructure/Platform,Full System,Edge Data Pipeline & Processing,Data Capabilities,Edge/Fog,Monitoring & Log Analytics,Supporting Capabilities,Cross-cutting,Secure Coordination & Communication,Supporting Capabilities,Cross-cutting,edge ‚Üî fog,edge-ai,"AI Connect for Scientific Data (AiCSD) is a new solution for using AI to connect data from scientific instruments to applicable AI pipelines and run workloads at the edge. This repository contains EdgeX Foundry based microservices to automatically detect, manage, and process OEM images with OpenVINO.",38.0,78,2025-01-03T19:40:54Z,17.0,Go,9.0,13.0,30826.0
R121,compage,I1,No,intelops/compage,https://github.com/intelops/compage,‚Ä¢,‚Ä¢,,,‚Ä¢,,‚Ä¢,,,Partially,https://github.com/intelops/compage/tree/main/images,Others,Infrastructure/Platform,Full System,Low-Code Cloud-to-Edge App Generation,Supporting Capabilities,Fog/Cloud,Supply Chain Security & SBOM Automation,Supporting Capabilities,Cross-cutting,Multi-Platform Orchestration & Deployment,Supporting Capabilities,Fog/Cloud,fog ‚Üî cloud,edge-iot,"Compage - Low-Code Framework to develop Rest API, gRPC, dRPC, GraphQL, WebAssembly, microservices, FaaS, Temporal workloads, IoT and edge services, K8s controllers, K8s CRDs, K8s custom APIs, K8s Operators, K8s hooks, etc. with minimal coding and by automatically applying best practice methods like software supply chain security measures, SBOM, openAPI, cloudevents, etc. Auto generate code after defining requirements in UI as diagram.",43.0,976,2024-08-09T19:09:32Z,83.0,Go,7.0,21.0,29436.0
R124,BirdsEye,I1,No,IQTLabs/BirdsEye,https://github.com/IQTLabs/BirdsEye,‚Ä¢,,,,‚Ä¢,,,‚Ä¢,,Partially,https://github.com/IQTLabs/BirdsEye/blob/main/docs/classes_BirdsEye.png,Computer Vision,System,Platform,Lightweight RL-based RF Localization,Supporting Capabilities,Edge,Compute-Efficient Training & Inference,Supporting Capabilities,Edge,Simulation-Driven Edge Modeling,Supporting Capabilities,Edge/Fog,edge ‚Üî fog,edge-ai,"The BirdsEye RL/RF project enables localization of mobile radio frequency targets, e.g., drones operators, via commericial off-the-shelf sensors.",292.0,1.498,2025-01-19T01:32:15Z,42.0,Jupyter Notebook,11.0,16.0,418686.0
R130,AI-on-the-edge-device,I1,Yes,jomjol/AI-on-the-edge-device,https://github.com/jomjol/AI-on-the-edge-device,‚Ä¢,,,,‚Ä¢,,‚Ä¢,,,Partially,https://jomjol.github.io/AI-on-the-edge-device-docs/,Smart Environment,System,Framework,Edge Processing,Data capabilities,Edge,Connectivity & Integration,Interface Capability,cross-cutting,Device Management & Updatability,Supporting Capabilities,Fog/Device,device ‚Üî fog,edge ai,"Easy to use device for connecting ""old"" measuring units (water, power, gas, ...) to the digital world",266.0,2.026,2025-01-17T22:16:56Z,6266.0,C++,61.0,677.0,163077.0
R131,AI-on-the-edge-device-docs,I2,No,jomjol/AI-on-the-edge-device-docs,https://github.com/jomjol/AI-on-the-edge-device-docs,‚Ä¢,,,,‚Ä¢,,‚Ä¢,,,Partially,https://github.com/jomjol/AI-on-the-edge-device-docs/tree/main/docs,Smart Environment,System,Framework,Edge Processing,Data capabilities,Edge,Connectivity & Integration,Interface Capability,cross-cutting,Device Management & Updatability,Supporting Capabilities,Fog/Device,device ‚Üî fog,edge ai,Github for hosting the documentation for the project: https://github.com/jomjol/AI-on-the-edge-device,75.0,401,2025-01-19T01:44:43Z,84.0,Python,23.0,40.0,106847.0
R137,keylime,I1,Yes,keylime/keylime,https://github.com/keylime/keylime,‚Ä¢,‚Ä¢,,,‚Ä¢,,,,,YES,https://github.com/keylime/keylime/blob/master/docs/old/keylime-detailed-architecture-v7.pptx,"Smart Environments, Industry 4.0, Medical IoT",Infrastructure/Platform,Subsystem,Remote Attestation & Integrity Verification,Supporting Capabilities,Device/Edge,Secure Provisioning & Key Management,Supporting Capabilities,Fog/Cloud,Cross-Layer Security & Compliance,Supporting Capabilities,Cross-cutting,Continuum,edge-iot,A CNCF Project to Bootstrap & Maintain Trust on the Edge / Cloud and IoT,191.0,1.964,2025-01-17T17:31:37Z,440.0,Python,65.0,153.0,15813.0
R138,kubeedge,I1,Yes,kubeedge/kubeedge,https://github.com/kubeedge/kubeedge,‚Ä¢,‚Ä¢,,,‚Ä¢,‚Ä¢,‚Ä¢,,‚Ä¢,YES,https://release-1-19.docs.kubeedge.io/docs/category/architecture,"Autonomous Systems, Smart Environment, IIoT",Infrastructure/Platform,Subsystem,Cloud-Edge Application Orchestration,Supporting Capabilities,Fog/Cloud/Edge,Secure Edge Communication & Digital Twin,Supporting Capabilities,Cross-cutting (Edge/Fog/Cloud),IoT Device Integration & Event Routing,Interface Capability,Device/Edge,Continuum,edge iot,Kubernetes Native Edge Computing Framework (project under CNCF),634.0,5.831,2025-01-20T07:39:25Z,6903.0,Go,100.0,1740.0,143846.0
R141,edge-home-orchestration-go,I1,Yes,lf-edge/edge-home-orchestration-go,https://github.com/lf-edge/edge-home-orchestration-go,‚Ä¢,‚Ä¢,,,‚Ä¢,,‚Ä¢,,,YES,https://github.com/lf-edge/edge-home-orchestration-go/tree/master/docs,Smart Environment,Infrastructure/Platform,Framework,Dynamic Service Offloading & Load Balancing,Supporting Capabilities,Edge/Fog,Distributed Device Discovery & Scheduling,Supporting Capabilities,Device/Edge,Container-based Application Deployment,Supporting Capabilities,Edge/Device,device ‚Üî fog,edge iot,Home Edge Project in LF Edge - Edge Orchestration for home edge devices to enabling smart home use cases.,8.0,769,2025-01-06T09:17:12Z,94.0,Go,20.0,51.0,5354.0
R142,ekuiper,I1,Yes,lf-edge/ekuiper,https://github.com/lf-edge/ekuiper,‚Ä¢,‚Ä¢,,,‚Ä¢,‚Ä¢,‚Ä¢,,,YES,https://ekuiper.org/docs/en/latest/concepts/ekuiper.html,"Smart Environment, IIoT, Efficient AI",Infrastructure/Platform,Full System,Lightweight Stream Processing & Rule Engine,Data Capabilities,Edge,Highly Extensible Connectivity Framework,Interface Capability,Device/Edge,Management Dashboard & API-based Control,Supporting Capabilities,Fog/Edge,device ‚Üî fog,edge-iot,Lightweight data stream processing engine for IoT edge,718.0,3.241,2025-01-17T10:12:02Z,1519.0,Go,90.0,418.0,119529.0
R143,eve,I2,Yes,lf-edge/eve,https://github.com/lf-edge/eve,‚Ä¢,‚Ä¢,,,‚Ä¢,‚Ä¢,‚Ä¢,,,YES,https://github.com/lf-edge/eve/blob/master/docs/APP-CONNECTIVITY.md,"IIoT, Autonomous Systems",Infrastructure/Platform,Framework,Secure Edge Virtualization & Isolation,Supporting Capabilities,Edge,Remote Orchestration & Lifecycle Management,Supporting Capabilities,Fog/Cloud,Zero-Trust Security & Device Integrity,Supporting Capabilities,Cross-cutting,edge ‚Üî Cloud,edge iot,EVE is Edge Virtualization Engine ,906.0,11.140,2025-01-17T17:09:18Z,480.0,Go,83.0,164.0,400535.0
R148,loxilb,I2,Yes,loxilb-io/loxilb,https://github.com/loxilb-io/loxilb,‚Ä¢,‚Ä¢,,‚Ä¢,‚Ä¢,,‚Ä¢,,‚Ä¢,YES,https://docs.loxilb.io/latest/arch/,"Smart Environment, Orchestration",Infrastructure/Platform,Platform,High-Performance Edge Load Balancing,Supporting Capabilities,Fog/Cloud,Multi-Cluster & Multi-Tenant Networking,Interface Capability,Fog/Cloud,Security & Resilience (DDoS Protection),Supporting Capabilities,Cross-cutting,edge ‚Üî Cloud,edge-iot,eBPF based cloud-native load-balancer for Kubernetes|Edge|Telco|IoT|XaaS.,1266.0,3.377,2025-01-19T22:06:49Z,1547.0,Go,24.0,124.0,40347.0
R149,luos_engine,I1,Yes,Luos-io/luos_engine,https://github.com/Luos-io/luos_engine,‚Ä¢,,,,‚Ä¢,,,‚Ä¢,,Partially,https://www.luos.io/docs/luos-technology/basics/concepts,"IIoT, Industry 4.0",Infrastructure/Platform,Platform,Modular Microservice Architecture,Supporting Capabilities,Device/Edge,Dynamic Service Discovery & Communication,Interface Capability,Edge/Fog,Distributed IoT System Scalability,Supporting Capabilities,Edge/Fog,device ‚Üî fog,edge iot,"Open-source and real-time orchestrator for cyber-physical-systems, to easily design, test and deploy embedded applications and digital twins.",0.0,1.488,2025-01-15T13:51:34Z,519.0,C,13.0,57.0,23386.0
R150,macchina.io,I1,Yes,macchina-io/macchina.io,https://github.com/macchina-io/macchina.io,,,,,,,,,,Partially,https://docs.macchina.io/edge/00400-MQTTProgramming.html,IIoT,Infrastructure/Platform,Platform,Edge Gateway Device & Protocol Integration,Interface Capability,Device/Edge,Web-Enabled Service Exposure,Interface Capability,Edge/Fog,Remote Application Management & Extensibility,Supporting Capabilities,Fog/Cloud ,Continuum,edge-iot,"macchina.io EDGE is a powerful C++ and JavaScript SDK for edge devices, multi-service IoT gateways and connected embedded systems.",37.0,1.233,2024-06-11T16:51:00Z,517.0,C++,7.0,156.0,128373.0
R153,azure_arc,I2,Yes,microsoft/azure_arc,https://github.com/microsoft/azure_arc,‚Ä¢,,,,‚Ä¢,,,,,YES,https://github.com/Azure/arc_jumpstart_docs,"Efficient AI, Orchestration",Infrastructure/Platform,Platform,Unified Hybrid Management,Supporting Capabilities,Fog/Cloud,GitOps & Policy-based Configuration at Scale,Supporting Capabilities,Fog/Cloud,Unified Security & Monitoring,Supporting Capabilities,Cross-cutting,Continuum,edge iot,"Automated Azure Arc, Edge, and Platform environments",2035.0,13.894,2025-01-16T22:50:03Z,755.0,HTML,86.0,558.0,576406.0
R154,mindspore,I1,Yes,mindspore-ai/mindspore,https://github.com/mindspore-ai/mindspore,‚Ä¢,‚Ä¢,,,‚Ä¢,,‚Ä¢,‚Ä¢,,YES,https://github.com/mindspore-ai/mindspore/tree/master/docs,Federated Learning,Infrastructure/Platform,Platform,End-to-End AI Lifecycle (Cloud‚ÄìEdge‚ÄìDevice),Supporting Capabilities,continuum,Lightweight Edge Inference (MindSpore Lite),Supporting Capabilities,Device/Edge,Privacy-Preserving Federated Learning,Supporting Capabilities,Cross-cutting,Continuum,edge ai,"MindSpore is a new open source deep learning training/inference framework that could be used for mobile, edge and cloud scenarios.",7097.0,83.896,2024-07-29T01:48:05Z,4372.0,C++,93.0,718.0,869597.0
R163,montithings,I1,Yes,MontiCore/montithings,https://github.com/MontiCore/montithings,‚Ä¢,‚Ä¢,,,‚Ä¢,‚Ä¢,‚Ä¢,,,YES,https://www.se-rwth.de/research/MontiThings/,Model-Driven Engineering (MDE),Meta-Architecture,framework,Model-Driven IoT/Edge Application Development,Supporting Capabilities,Cross-cutting,Dynamic Deployment & Update at Edge,Supporting Capabilities,Edge/Fog,Asynchronous Cross-Device Communication,Interface Capability,Device/Edge,device ‚Üî fog,edge iot,An ecosystem for model-driven IoT applications,15.0,4.617,2025-01-10T20:52:30Z,14.0,Java,34.0,6.0,16788.0
R166,nabto-embedded-sdk,I2,Yes,nabto/nabto-embedded-sdk,https://github.com/nabto/nabto-embedded-sdk,‚Ä¢,‚Ä¢,,,‚Ä¢,,‚Ä¢,‚Ä¢,,YES,https://docs.nabto.com/developer/platforms/common/intro.html,Smart Environment,Infrastructure/Platform,Subsystem,Secure P2P Communication for IoT Devices,Interface Capability,Device/Edge,NAT/Firewall Traversal & Connectivity Optimization,Interface Capability,Cross-cutting,Lightweight Embedded Integration,Supporting Capabilities,Device,device ‚Üî edge,edge-iot,"Nabto Edge Embedded SDK. Secure, direct connections to your IoT devices.",195.0,2.861,2024-12-02T13:10:24Z,17.0,C,5.0,4.0,5401.0
R167,nanomq,I2,Yes,nanomq/nanomq,https://github.com/nanomq/nanomq,‚Ä¢,‚Ä¢,,,‚Ä¢,‚Ä¢,,,,YES,https://github.com/nanomq/nanomq/blob/master/docs/en_US/assets/architecture.png,"Data streaming processing, Smart Environment",Infrastructure/Platform,Subsystem,Lightweight Edge Messaging Broker,Interface Capability,Device/Edge,Protocol Translation & Interoperability Gateway,Interface Capability,Edge/Fog,High-Performance & Resource-Efficient Messaging,Interface Capability,Cross-cutting,device ‚Üî fog,edge-iot,An ultra-lightweight and blazing-fast Messaging broker/bus for IoT edge & SDV,539.0,3.598,2025-01-14T14:58:23Z,1711.0,C,31.0,203.0,18876.0
R182,ai-edge,I2,Yes,opendatahub-io/ai-edge,https://github.com/opendatahub-io/ai-edge,‚Ä¢,‚Ä¢,,,‚Ä¢,,,‚Ä¢,,YES,https://github.com/opendatahub-io/ai-edge/blob/main/docs/images/edge-architecture.png,"Industry 4.0, Smart Environment",Infrastructure/Platform,Framework,Edge Processing,Data Capabilities,Edge,Orchestration & Management,Supporting Capabilities,Fog/Cloud,Monitoring & Observability,Supporting Capabilities,Cross-cutting (device/Edge),edge ‚Üî fog,edge-ai,ODH integration with AI at the Edge usecases,280.0,490,2024-11-11T22:52:26Z,12.0,Go,13.0,19.0,16979.0
R183,microshift,I2,Yes,openshift/microshift,https://github.com/openshift/microshift,‚Ä¢,‚Ä¢,,‚Ä¢,‚Ä¢,‚Ä¢,,‚Ä¢,,YES,https://github.com/openshift/microshift/blob/main/docs/contributor/design.md,Smart Environment,Infrastructure/Platform,Framework,Lightweight Kubernetes-Native Orchestration,Supporting Capabilities,Edge,Cloud-Edge Continuum Integration,Supporting Capabilities,Fog/Cloud,Secure Lifecycle & Policy Management,Supporting Capabilities,Cross-cutting,edge ‚Üî Cloud,edge iot,A small form factor OpenShift/Kubernetes optimized for edge computing,1961.0,5.895,2025-01-20T09:07:17Z,708.0,Go,84.0,203.0,107666.0
R184,model_server,I2,Yes,openvinotoolkit/model_server,https://github.com/openvinotoolkit/model_server,‚Ä¢,‚Ä¢,,‚Ä¢,‚Ä¢,‚Ä¢,‚Ä¢,,,Partially,https://github.com/openvinotoolkit/model_server/tree/main/docs,Efficient AI,Infrastructure/Platform,Middleware,Scalable AI Model Serving (gRPC/REST),Supporting Capabilities,Fog/Cloud/Edge,Hardware-Accelerated Inference,Supporting Capabilities,Cross-cutting (Device/Edge/Fog),Model Lifecycle Management,Supporting Capabilities,Fog/Cloud ,Continuum,edge ai,A scalable inference server for models optimized with OpenVINO‚Ñ¢,484.0,2.689,2025-01-19T23:16:54Z,697.0,C++,42.0,213.0,54087.0
R194,executorch,I2,Yes,pytorch/executorch,https://github.com/pytorch/executorch,‚Ä¢,‚Ä¢,,,‚Ä¢,‚Ä¢,‚Ä¢,‚Ä¢,,YES,https://github.com/pytorch/executorch/blob/main/docs/source/getting-started-architecture.md,"Computer vision, speech",Infrastructure/Platform,Platform/framework,End-to-End On-Device AI Workflow,Supporting Capabilities,Edge,High Portability across Diverse Hardware,Supporting Capabilities,Edge/Fog,Developer Productivity & Toolchain Integration,Supporting Capabilities,Cross-cutting,edge ‚Üî fog,edge ai,"On-device AI across mobile, embedded and edge for PyTorch",3856.0,5.271,2025-01-19T11:35:00Z,2412.0,C++,100.0,420,150581.0
R197,rhel-edge-automation-arch,I2,No,redhat-cop/rhel-edge-automation-arch,https://github.com/redhat-cop/rhel-edge-automation-arch,,‚Ä¢,,,‚Ä¢,,,,,Partially,https://github.com/redhat-cop/rhel-edge-automation-arch/tree/main?tab=readme-ov-file#architecture,IIoT,Infrastructure/Platform,Framework,Automated Edge Provisioning & Configuration,Supporting Capabilities,Edge/Fog,OTA Updates & Rollback Management,Supporting Capabilities,Edge/Fog,GitOps-Driven Orchestration & Compliance,Supporting Capabilities,Cross-cutting,edge ‚Üî fog,edge architecture,RHEL for Edge Automation Deployment Architecture,0.0,315,2023-12-21T19:39:53Z,45,Jinja,7.0,33,
R201,viseron,I1,Yes,roflcoopter/viseron,https://github.com/roflcoopter/viseron,,,,,‚Ä¢,,,,,Partially,https://github.com/roflcoopter/viseron/tree/dev/docs/docs/documentation/configuration,Computer Vision,System,Full system,On-Device Video Analytics & AI Inference,Supporting Capabilities,Device/Edge,Hardware-Accelerated Vision Processing,Supporting Capabilities,Cross-cutting,Event-Driven Smart Home/IoT Integration,Interface Capability,Edge/Fog,device ‚Üî fog,edgetpu,"Self-hosted, local only NVR and AI Computer Vision software.  With features such as object detection, motion detection, face recognition and more, it gives you the power to keep an eye on your home, office or any other place you want to monitor.",367.0,1.847,2025-01-19T09:53:42Z,1843.0,Python,11.0,190.0,41822.0
R203,salt,I1,Yes,saltstack/salt,https://github.com/saltstack/salt,‚Ä¢,‚Ä¢,‚Ä¢,‚Ä¢,‚Ä¢,‚Ä¢,,‚Ä¢,,YES,https://github.com/saltstack/salt/blob/master/doc/topics/development/architecture.rst,Orchestration,Infrastructure/Platform,Platform,Scalable Remote Configuration & Automation,Supporting Capabilities,Fog/Cloud,Real-Time Orchestration & Parallel Execution,Supporting Capabilities,Fog/Edge,"Security, Compliance & Lifecycle Management",Supporting Capabilities,Cross-cutting,edge ‚Üî Cloud,edge iot,Software to automate the management and configuration of any infrastructure or application at scale. Install Salt from the Salt package repositories here:,1280.0,121.363,2025-01-20T09:37:47Z,14287.0,Python,100.0,5496.0,547395.0
R204,fedn,I1,Yes,scaleoutsystems/fedn,https://github.com/scaleoutsystems/fedn,‚Ä¢,‚Ä¢,,,‚Ä¢,‚Ä¢,‚Ä¢,‚Ä¢,,YES,https://docs.scaleoutsystems.com/en/stable/architecture.html,Federated learning,Infrastructure/Platform,Framework,Federated Model Training & Aggregation,Supporting Capabilities,Edge/Fog/Cloud,Scalable Orchestration of Heterogeneous Nodes,Supporting Capabilities,Fog/Cloud,Privacy-Preserving Collaboration,Supporting Capabilities,Cross-cutting,edge ‚Üî Cloud,edge-ai,"FEDn: An enterprise-ready open source federated learning framework. This repository contains the Python framework, CLI and API.",245.0,1.931,2025-01-16T09:16:35Z,146.0,Python,25.0,36.0,371729.0
R207,piccolo,I1,Yes,sensiml/piccolo,https://github.com/sensiml/piccolo,‚Ä¢,,,,‚Ä¢,‚Ä¢,‚Ä¢,‚Ä¢,,Partially,https://github.com/sensiml/piccolo/blob/main/docs/source/mqtt-specification/introduction.rst,"Efficient AI, AIoT, Real Time Data Processing",Infrastructure/Platform,Platform,Ultra-Lightweight TinyML Inference Runtime,Supporting Capabilities,Device,Sensor Data Pattern Recognition,Supporting Capabilities,Device/Edge,Low-Power Embedded AI Optimization,Supporting Capabilities,Cross-cutting,device ‚Üî edge,edge ai,SensiML's open-source AutoML solution for Edge AI model development,54.0,77,2025-01-17T01:48:25Z,53.0,Python,5.0,7.0,96464.0
R210,simpleiot,I1,Yes,simpleiot/simpleiot,https://github.com/simpleiot/simpleiot,‚Ä¢,‚Ä¢,‚Ä¢,,‚Ä¢,‚Ä¢,‚Ä¢,,,YES,https://github.com/simpleiot/simpleiot/tree/master/docs/ref,Smart Environment,Infrastructure/Platform,Full system,Lightweight Edge IoT Platform,Supporting Capabilities,Device/Edge,Graph-Based Device & Data Modeling,Data Capabilities,Edge/Fog,Remote Device Management & Configuration,Supporting Capabilities,Fog/Cloud ,Continuum,edge-iot,Simple IoT cloud/edge application/framework,263.0,3.433,2025-01-03T22:10:16Z,178.0,Go,9.0,29.0,16600.0
R217,fogflow,I1,Yes,smartfog/fogflow,https://github.com/smartfog/fogflow,‚Ä¢,‚Ä¢,,‚Ä¢,‚Ä¢,‚Ä¢,‚Ä¢,,,YES,https://github.com/smartfog/fogflow/blob/development/docs/en/source/introduction.rst,"Industry 4.0, Smart Environment, Autonomous Systems",Infrastructure/Platform,Framework,Dynamic Service Orchestration,Supporting Capabilities,Fog/Edge ,Context-aware Service Discovery & Chaining,Interface Capability,Edge/Fog,Distributed Task Scheduling & Optimization,Supporting Capabilities,Fog/Cloud ,edge ‚Üî Cloud,edge-iot,FogFlow is a standard-based IoT fog computing framework that supports serverless computing and edge computing with advanced programming models,22.0,2.471,2024-11-04T09:48:23Z,126.0,Go,23.0,45.0,187714.0
R225,thin-edge.io,I2,Yes,thin-edge/thin-edge.io,https://github.com/thin-edge/thin-edge.io,‚Ä¢,‚Ä¢,‚Ä¢,,‚Ä¢,,,,‚Ä¢,YES,https://thin-edge.github.io/thin-edge.io/understand/faq/,IIoT,Infrastructure/Platform,Framework,Lightweight IoT Edge Gateway,Interface Capability,Device/Edge,Multi-Protocol IoT Interoperability,Interface Capability,Edge/Fog,Remote Device Management & OTA Updates,Supporting Capabilities,Fog/Cloud ,Continuum,edge-iot,The open edge framework for lightweight IoT devices,1771.0,5.432,2025-01-17T22:04:34Z,228.0,Rust,30.0,56.0,122193.0
R235,saf,I1,Yes,TRUMPF-IoT/saf,https://github.com/TRUMPF-IoT/saf,‚Ä¢,‚Ä¢,,,,,‚Ä¢,,,YES,https://github.com/TRUMPF-IoT/saf/tree/master/docs,IIoT,Infrastructure/Platform,Framework,Semantic IoT Process Automation,Supporting capability,Cross-cutting,Dynamic Orchestration & Service Composition,Supporting Capabilities,Edge/Fog,Protocol Interoperability for Industrial IoT,Interface Capability,Device/Edge,device ‚Üî fog,edge iot,Smart Application Framework (SAF) is a .NET based framework for building distributed applications across cloud and edge.,21.0,375,2025-01-07T16:33:21Z,12.0,C#,5.0,1.0,1122.0
R238,edge-infer,I2,No,unit-mesh/edge-infer,https://github.com/unit-mesh/edge-infer,‚Ä¢,‚Ä¢,,,‚Ä¢,,‚Ä¢,,,Partially,https://github.com/unit-mesh/edge-infer/blob/master/docs/edge-mind.svg,Smart manufacturing,Infrastructure/Platform,Platform,Lightweight Edge Model Inference,Data Capabilities,Device/Edge,Cross-Platform Runtime Support,Supporting Capabilities,Edge/Fog,Configurable Inference Pipeline,Supporting Capabilities,Edge/Fog,device ‚Üî fog,edge ai,"EdgeInfer enables efficient edge intelligence by running small AI models, including embeddings and OnnxModels, on resource-constrained devices like Android, iOS, or MCUs for real-time decision-making. EdgeInfer Êó®Âú®ËµÑÊ∫êÂèóÈôêÁöÑËÆæÂ§á‰∏äËøêË°åÂ∞èÂûã AI Ê®°ÂûãÔºàÂåÖÊã¨ÂêëÈáèÂåñÂíå Onnx Ê®°ÂûãÔºâÔºåÂ¶Ç Android„ÄÅiOS Êàñ MCUsÔºåÂÆûÁé∞È´òÊïàÁöÑËæπÁºòÊô∫ËÉΩÔºåÁî®‰∫éÂÆûÊó∂ÂÜ≥Á≠ñ„ÄÇ",11.0,121,2024-04-17T09:23:00Z,39.0,Rust,3.0,2.0,280.0
R241,WasmEdge,I1,Yes,WasmEdge/WasmEdge,https://github.com/WasmEdge/WasmEdge,‚Ä¢,‚Ä¢,,,,,‚Ä¢,,,Partially,https://github.com/WasmEdge/WasmEdge/blob/master/docs/architecture.png,Efficient AI,Infrastructure/Platform,Platform,Lightweight & Secure Application Runtime,Supporting Capabilities,Device/Edge,AI/ML Inference in WASM Modules,Supporting Capabilities,Edge/Fog,Cloud-Native & Edge Integration,Supporting Capabilities,Fog/Cloud ,Continuum,edge-iot,"WasmEdge is a lightweight, high-performance, and extensible WebAssembly runtime for cloud native, edge, and decentralized applications. It powers serverless apps, embedded functions, microservices, smart contracts, and IoT devices.",777.0,3.819,2025-01-19T23:06:04Z,8754.0,C++,100.0,787.0,24641.0
R242,self,I2,Yes,watson-intu/self,https://github.com/watson-intu/self,,,,,‚Ä¢,,‚Ä¢,,,YES,https://github.com/watson-intu/self-docs/blob/94f376527082cfd25c225b2f99a5304d6955576f/faqs/architecture/architecture.md,Robotic,Infrastructure/Platform,Middleware,Multimodal Perception & Cognitive Integration,Supporting Capabilities,Device/Edge,Distributed Agent-Oriented Orchestration,Supporting Capabilities,Edge/Fog,Extensible Hybrid Edge‚ÄìCloud AI Integration,Supporting Capabilities,Cross-cutting,device ‚Üî fog,edge-ai,Intu is a Cognitive Embodiment Middleware for AI on the edge.,2.0,66,2024-11-29T18:47:35Z,29.0,C++,8.0,27.0,160108.0
R247,Vitis-AI,I2,Yes,Xilinx/Vitis-AI,https://github.com/Xilinx/Vitis-AI,,‚Ä¢,,,‚Ä¢,‚Ä¢,‚Ä¢,‚Ä¢,,YES,https://xilinx.github.io/Vitis-AI/3.5/html/docs/workflow.html?highlight=architecture,Efficient AI,Infrastructure/Platform,Platform,Model Compilation & FPGA Acceleration,Supporting Capabilities,Device/Edge,End-to-End AI Deployment Stack,Supporting Capabilities,Fog/Cloud/Edge,Hardware-Optimized Edge AI Runtime,Supporting Capabilities,Cross-cutting,Continuum,edge ai,"Vitis AI is Xilinx‚Äôs development stack for AI inference on Xilinx hardware platforms, including both edge devices and Alveo cards.",3.0,1.253,2024-09-12T07:20:12Z,1526.0,Python,34.0,640.0,2361712.0
R251,yomo,I1,No,yomorun/yomo,https://github.com/yomorun/yomo,,,,,‚Ä¢,‚Ä¢,‚Ä¢,,,Partially,https://github.com/yomorun/yomo/blob/master/docs/public/yomo-flow-arch.jpg,"Real Time Data Processing, Data streaming processing",Infrastructure/Platform,Framework,Low-Latency Edge Stream Processing,Data Capabilities,Edge,WASM-Based Modular Execution,Supporting Capabilities,Cross-cutting,AI-Enabled Real-Time Decision Making,Supporting Capabilities,Edge/Fog,edge ‚Üî fog,edge ai,"ü¶ñ Stateful Serverless Framework for Geo-distributed Edge AI Infra. with function calling support, write once, run on any model.",141.0,602,2025-01-19T03:38:40Z,1694.0,Go,18.0,129.0,68921.0
R254,kantv,I1,No,zhouwg/kantv,https://github.com/zhouwg/kantv,‚Ä¢,‚Ä¢,,,‚Ä¢,‚Ä¢,‚Ä¢,,,Partially,https://github.com/zhouwg/kantv/tree/master?tab=readme-ov-file#software-architecture-of-kantv-android,Smart Environment,System,Full System,Cross-Platform Media Processing,Supporting Capabilities,Device/Edge,Hardware-Accelerated Video Decoding,Supporting Capabilities,Cross-cutting,Multi-Protocol Streaming & Playback,Interface Capability,Device/Edge,edge ‚Üî fog,edge-ai,"workbench for learing&practising AI tech in real scenario on Android device, powered by GGML(Georgi Gerganov Machine Learning) and NCNN(Tencent NCNN) and FFmpeg",287.0,2.986,2024-06-17T13:39:23Z,136.0,C++,41.0,20.0,1102570.0
R257,ztachip,I2,Yes,ztachip/ztachip,https://github.com/ztachip/ztachip,‚Ä¢,‚Ä¢,,‚Ä¢,‚Ä¢,,,,,Partially,https://github.com/ztachip/ztachip/blob/master/Documentation/SoftwareDesign.md,Computer Vision,Infrastructure/Platform,Platform,Custom Edge AI Hardware Acceleration,Supporting Capabilities,Device/Edge,SDK & Runtime for Edge AI Applications,Supporting Capabilities,Edge,Real-Time Vision & ML Inference,Supporting Capabilities,Device/Edge,device ‚Üî edge,edge ai,Opensource software/hardware platform to build edge AI solutions deployed on FPGA or custom ASIC hardware.,63.0,413,2024-08-21T03:06:22Z,239.0,C++,2.0,34.0,173338.0
R258,auritus,I2,Yes,nesl/auritus,https://github.com/nesl/auritus,‚Ä¢,‚Ä¢,,,‚Ä¢,,‚Ä¢,‚Ä¢,,YES,https://github.com/nesl/auritus/blob/main/README.md#framework-architecture,"Audio Analisys, Healthcare",Infrastructure/Platform,SDK,Model Optimization for Earable Edge,Supporting Capabilities,Edge,Hardware-Aware Model Compactness,Supporting Capabilities,Device/Edge,Extendability & Custom Pipeline,Data Capabilities,Cross-cutting,device ‚Üî edge,tinyml,Auritus: An Open-Source Optimization Toolkit for Training and Development of Human Movement Models and Filters Using Earables,2,61,2024-09-17T06:56:53Z,20,C++,0.0,0,145361
R259,open-horizon,I2,Yes,motion-ai/open-horizon,https://github.com/motion-ai/open-horizon,,‚Ä¢,,,‚Ä¢,‚Ä¢,,,,Partially,https://github.com/motion-ai/open-horizon/blob/master/docs/PATTERN.md,"Orchestration, Computer Vision",Infrastructure/Platform,Subsystem,Autonomous Policy-Based Workload Orchestration,Supporting Capabilities,Fog/Cloud/Edge,Resilient Offline Edge Operation,Supporting Capabilities,Edge,Secure Lifecycle Management for Edge Services,Supporting Capabilities,Cross-cutting,edge ‚Üî Cloud,edge,Open source edge services,0,363,,2,shell,0,0,
R261,smart-social-distancing,I1,Yes,galliot-us/smart-social-distancing,https://github.com/galliot-us/smart-social-distancing,‚Ä¢,‚Ä¢,,‚Ä¢,‚Ä¢,,,‚Ä¢,,YES,https://galliot.us/blog/smart-social-distancing-new-codebase-architecture/,Computer Vision,System,Full System/Subsystem,Edge-Based Real-Time Social Distancing Analytics,Supporting Capabilities,Edge,Multi-Hardware AI Acceleration,Supporting Capabilities,Edge,Event-Driven Notification & Data Integration,Supporting Capabilities,Cross-cutting,Continuum,edge-ai,"Social Distancing Detector using deep learning and capable to run on edge AI devices such as NVIDIA Jetson, Google Coral, and more.",0,633,,140,Python,20,39,